,Title,Para
0,हॉक-आई,"हॉक-आई एक जटिल कंप्यूटर प्रणाली है जिसका प्रयोग क्रिकेट, टेनिस तथा अन्य खेलों में गेंद के पथ को अंकित करने व सांख्यिकी के आधार पर इसके आगे के पथ को चालित छवि के रूप में दर्शाने के लिए किया जाता है.[1] टेनिस जैसे कुछ खेलों में अब यह निर्णय प्रक्रिया का भाग है. क्रिकेट में कुछ मामलों में इसका इस्तेमाल किसी गेंद के आगामी मार्ग का अनुमान लगाने के लिए किया जाता है. इसका विकास रोमसे के रोके मनोर रिसर्च लिमिटेड, हैम्पशायर, ब्रिटेन के इंजीनियरों द्वारा 2001 में किया गया था. डॉ॰ पॉल हॉकिन्स और डेविड शेरी द्वारा ब्रिटेन में इसके पेटेंट के लिए आवेदन किया गया था पर फिर इसे वापस ले लिया गया था.[2] बाद में, यह प्रौद्योगिकी एक अलग कंपनी हॉक-आई इनोवेशंस लिमिटेड के पास चली गयी जो टेलिविज़न निर्माण कंपनी सनसेट + वाइन का संयुक्त उपक्रम थी और जिसे मार्च 2011 में सोनी द्वारा एकमुश्त खरीद लिया गया था.[3] सभी हॉक-आई प्रणालियां खेल के स्थान के समीप अलग-अलग स्थानों पर लगाए गए कम से कम चार तीव्र गति वीडियो कैमरों से प्राप्त दृष्यिक छवियों तथा सामयिक डेटा का प्रयोग करते हुए ट्राएन्ग्युलेशन सिद्धांतों पर आधारित होती हैं.[2] इनसे प्राप्त वीडियो फीड को यह प्रणाली तेजी से उच्च गति के वीडियो प्रोसेसरों तथा बॉल ट्रैकर की सहायता से संसाधित करती है. डेटा स्टोर में खेल के क्षेत्र का मॉडल पहले से संचित कर रखा जाता है तथा इसमें खेल के नियम भी शामिल रहते हैं. प्रत्येक कैमरे से भेजे गए प्रत्येक फ्रेम में, यह प्रणाली बॉल की छवि से सम्बंधित पिक्सलों के समूह को पहचान लेती है. इसके पश्चात प्रत्येक फ्रेम के लिए बॉल की त्रिआयामी स्थिति की गणना की जाती है जो कि कम से कम दो अलग कैमरों से एक ही समय में प्राप्त छवियों के आधार पर की जाती है. इसके बाद आने वाले फ्रेमों से गेंद की गति के पथ का निर्माण किया जाता है. यह गेंद की उड़ान के पथ का ""पूर्वानुमान"" भी करते है तथा डेटाबेस में पहले से संचित खेल के क्षेत्र में किस वस्तु से गेंद टकराएगी यह भी बताती है. यह प्रणाली इन टकरावों का अध्ययन करके खेल के नियमों के उल्लंघन के विषय में भी बता सकती है.[2] "
1,हैरिसन कार्लियोन,"हैरिसन कार्लियन (जन्म 23 जनवरी 2001) एक जर्सी अंतरराष्ट्रीय क्रिकेटर हैं।[1][2] अक्टूबर 2016 में कार्लियन को लॉस एंजिल्स में 2016 आईसीसी विश्व क्रिकेट लीग डिवीजन चार के लिए जर्सी की टीम के लिए चुना गया था।[3] वह जर्सी के टूर्नामेंट के पहले मैच में ओमान के खिलाफ खेले थे।[4][5] पंद्रह साल की उम्र में, वह एक अंतरराष्ट्रीय क्रिकेट मैच में जर्सी का प्रतिनिधित्व करने वाले सबसे कम उम्र के खिलाड़ी बन गए, जिसने टीम के साथी जोंटी जेनर के पिछले रिकॉर्ड को तोड़ दिया।[6] डिवीजन फोर टूर्नामेंट में जर्सी के लिए फाइनल मैच में, इटली के खिलाफ पांचवें स्थान के प्लेऑफ में, उन्होंने अपने पिता और टीम मैनेजर, टोनी कार्लियन के साथ खेला।[7] जर्सी टीम में चोटों ने उनके पिता को खेलने के लिए मजबूर किया, जर्सी के लिए एक अंतरराष्ट्रीय मैच में एक साथ खेलने वाले पहले पिता और पुत्र बन गए।[8][9] अप्रैल 2018 में, उन्हें मलेशिया में 2018 आईसीसी विश्व क्रिकेट लीग डिवीजन चार टूर्नामेंट के लिए जर्सी के दस्ते में नामित किया गया था।[10][11] अगस्त 2018 में, उन्हें नीदरलैंड में 2018-19 आईसीसी विश्व ट्वेंटी 20 यूरोप क्वालीफायर टूर्नामेंट के लिए जर्सी के दस्ते में नामित किया गया था।[12][13] "
2,हैरिस सोहैल,"हैरिस सोहैल (उर्दू: حارث سہیل; जन्म 9 जनवरी 1989) पाकिस्तान के सियालकोट में पैदा हुए एक पाकिस्तानी क्रिकेटर हैं। वह बाएं हाथ के बल्लेबाज हैं, जो बाएं हाथ के ऑर्थोडॉक्स को गेंदबाजी करते हैं।[1]  उन्होंने सियालकोट स्टैलियन्स, ज़राई तरकती बैंक लिमिटेड क्रिकेट टीम, सियालकोट क्रिकेट टीम और पेशावर ज़ाल्मी का प्रतिनिधित्व किया है। वह वर्तमान में पाकिस्तान सुपर लीग में लाहौर कलंदर्स के लिए खेलते हैं। उन्होंने जुलाई 2013 में पाकिस्तान क्रिकेट टीम के लिए अंतर्राष्ट्रीय क्रिकेट में पदार्पण किया।
अगस्त 2018 में, वह पाकिस्तान क्रिकेट बोर्ड (पीसीबी) द्वारा 2018-19 सत्र के लिए केंद्रीय अनुबंध से सम्मानित किए जाने वाले तैंतीस खिलाड़ियों में से एक था।[2][3] 2012 में, हारिस को श्रीलंका में ट्वेंटी 20 अंतर्राष्ट्रीय (टी 20 आई) श्रृंखला के लिए पाकिस्तान टीम में चुना गया।[4] 2013 के दक्षिण अफ्रीका दौरे के लिए उन्हें पाकिस्तान टेस्ट टीम में बुलाया गया था।[5]
उन्होंने 19 जुलाई 2013 को पाकिस्तान के लिए अपना एक दिवसीय अंतर्राष्ट्रीय (वनडे) पदार्पण किया।[1] सोहेल ने नाबाद 85 रन बनाए क्योंकि उन्होंने 2014 में न्यूजीलैंड के खिलाफ पहले एकदिवसीय मैच में प्लेयर ऑफ द मैच का पुरस्कार जीता था। दूसरे मैच में उन्होंने 33 रन बनाए और 3 विकेट लिए। उन्होंने 28 रन बनाकर 39 रन बनाकर अपने वनडे करियर की सर्वश्रेष्ठ गेंदबाजी के आंकड़े को 3/45 पर ले लिया क्योंकि पाकिस्तान 147 रन से जीता। अंतिम दो मैचों में, उन्होंने क्रमशः 13 और 65 रन बनाए। उन्होंने 5 मैचों की एकदिवसीय श्रृंखला को पाकिस्तान के शीर्ष स्कोरर के रूप में 235 रन बनाने के साथ ही 6 विकेट लिया।[6][7] "
3,हैमिल्टन मसाकाद्ज़ा,"हैमिल्टन मसाकाद्ज़ा (जन्म 9 अगस्त 1983) ज़िम्बाब्वे के पूर्व क्रिकेटर हैं, जिन्होंने ज़िम्बाब्वे के लिए खेल के सभी प्रारूप खेले। उन्होंने 2016 आईसीसी विश्व टी20आई के दौरान राष्ट्रीय टीम की कप्तानी की, लेकिन टूर्नामेंट के दौरान टीम द्वारा एक उदासीन प्रदर्शन के कारण अपने कर्तव्यों से छुटकारा पा लिया गया, जहां वे क्वालीफाइंग दौर से बाहर होने में विफल रहे।[1] फरवरी 2019 में, जिम्बाब्वे क्रिकेट ने पुष्टि की कि मसाकाद्जा 2019–20 सीज़न के लिए तीनों प्रारूपों में राष्ट्रीय टीम की कप्तानी करेंगे।[2] वह दाएं हाथ के बल्लेबाज थे और सामयिक दाएं हाथ के मध्यम गति के गेंदबाज थे। उनके भाई, शिंगिराई मसाकाद्ज़ा और वेलिंगटन मसाकाद्ज़ा भी जिम्बाब्वे के लिए खेले; तीनों ने पर्वतारोहियों के लिए घरेलू खेल खेला है। वह एक श्रृंखला या टूर्नामेंट में कई 150 से अधिक स्कोर बनाने वाले पहले खिलाड़ी बन गए, जहां उन्होंने 2009 में केन्या के खिलाफ उपलब्धि हासिल की।[3] अक्टूबर 2018 में, जिम्बाब्वे के दक्षिण अफ्रीका दौरे के दौरान, मसाकाद्जा जिम्बाब्वे के लिए 200 एक दिवसीय अंतर्राष्ट्रीय (वनडे) मैचों में खेलने वाले चौथे क्रिकेटर बन गए।[4][5] "
4,"हैदर अली (क्रिकेटर, जन्म 2000)","हैदर अली (जन्म 2 अक्टूबर 2000) एक पाकिस्तानी क्रिकेटर है।[2][3]
उन्होंने सितंबर 2019 में प्रथम श्रेणी में पदार्पण किया।[4]
उन्होंने 1 सितंबर 2020 को पाकिस्तान क्रिकेट टीम के लिए अंतरराष्ट्रीय क्रिकेट में पदार्पण किया।[5] उन्होंने 2018-19 के राष्ट्रीय टी 20 कप में 10 दिसंबर 2018 को रावलपिंडी के लिए ट्वेंटी 20 की शुरुआत की।[6]
सितंबर 2019 में, उन्हें 2019-20 क्वैद-ए-आज़म ट्रॉफी टूर्नामेंट के लिए उत्तरी टीम में नामित किया गया था। [7][8]
उन्होंने 2019–20 की कायदे-ए-आज़म ट्रॉफी में उत्तरी के लिए 14 सितंबर 2019 को प्रथम श्रेणी में पदार्पण किया।[9] दिसंबर 2019 में, उन्हें पाकिस्तान सुपर लीग (पीएसएल) की फ्रैंचाइज़ी टीम पेशावर ज़ालमी द्वारा 2020 पीएसएल ड्राफ्ट के दौरान उनके पूरक श्रेणी खिलाड़ी के रूप में तैयार किया गया था।[10]
10 मार्च 2020 को, वह पीएसएल में अर्धशतक बनाने वाले सबसे युवा क्रिकेटर बन गए।[11] "
5,हैट्रिक (क्रिकेट),"क्रिकेट में, एक हैट्रिक तब होती है जब कोई गेंदबाज लगातार गेंदों पर तीन विकेट लेता है। पिच के दूसरे छोर या किसी अन्य टीम की पारी के दौरान किसी अन्य गेंदबाज द्वारा फेंके गए ओवर से प्रसूति बाधित हो सकती है, लेकिन एक ही मैच में व्यक्तिगत गेंदबाज द्वारा लगातार तीन डिलीवरी होनी चाहिए। गेंदबाजों को केवल हैट-ट्रिक के लिए गिना गया विकेट;  रन आउट मत गिनो। हैट-ट्रिक दुर्लभ हैं, और जैसे गेंदबाजों द्वारा क़ीमती हैं। इस शब्द का उपयोग कभी-कभी एक ही प्रतियोगिता को लगातार तीन बार जीतने के लिए भी किया जाता है। उदाहरण के लिए, ऑस्ट्रेलिया ने 1999, 2003 और 2007 में क्रिकेट विश्व कप जीता[1] और लंकाशायर ने 1926, 1927 और 1928 में काउंटी चैम्पियनशिप जीती।[2] "
6,हेलेनिक प्रीमियर लीग 2019,"2019 हेलेनिक प्रीमियर लीग (एचपीएल) एक ट्वेंटी-20 अंतरराष्ट्रीय (टी20ई) क्रिकेट टूर्नामेंट था जो 14 से 19 अक्टूबर 2019 के बीच ग्रीस के कोर्फू में आयोजित किया गया था।[1][2] प्रतिभागी टीमें मेजबान ग्रीस, बुल्गारिया, सर्बिया और तीन ग्रीक क्लब पक्षों (एथेंस पाक, कोर्फू पाक और फोर्ज एथेंस) के साथ थीं।[2][3] 1 जनवरी 2019 से अपने सभी सदस्यों को पूर्ण ट्वेंटी-20 अंतरराष्ट्रीय दर्जा देने के अंतर्राष्ट्रीय क्रिकेट परिषद (आईसीसी) के निर्णय के बाद, टूर्नामेंट के दौरान सभी राष्ट्रीय टीमों ने टी20ई स्थिति के साथ अपना पहला मैच खेला।[4] अंतर्राष्ट्रीय टीमों ने एक समूह में और तीन क्लब पक्षों ने एक दूसरे समूह में प्रतिस्पर्धा की। अंतर्राष्ट्रीय समूह में शीर्ष दो पक्षों ने एक स्टैंड-अलोन फ़ाइनल खेला, जो कि एचपीएल का हिस्सा नहीं था, जो कि अंतर्राष्ट्रीय स्पर्धा के विजेता को निर्धारित करने के लिए था; बुल्गारिया ने फाइनल में ग्रीस को 18 रनों से हराया।[5][6][7] ग्रुप स्टेज के बाद सेमीफाइनल हुआ और समग्र एचपीएल इवेंट के लिए फाइनल हुआ।[2] पहले सेमीफाइनल में ग्रीस ने कोर्फू पाक को हराया।[8] दूसरे सेमीफाइनल में, फोर्ज एथेंस ने बुल्गारिया को हराकर फाइनल में शामिल किया।[9] ग्रीस ने 81 रन से फाइनल जीता।[10][11] बुल्गारिया ने तीसरे स्थान पर खेलते हुए जीत दर्ज की।[7] "
7,हेमलता कला,"हेमलता कला (अंग्रेज़ी: Hemlata Kala) (जन्म;१५ अगस्त १९७५, आगरा, उत्तर प्रदेश, भारत) एक पूर्व भारतीय महिला क्रिकेट खिलाड़ी है जिन्होंने भारतीय टीम के लिये सात टेस्ट मैच और ७४ एक दिवसीय अंतरराष्ट्रीय क्रिकेट मैच खेले हैं।[1][2] साँचा:२००५ महिला क्रिकेट विश्व कप में भारतीय खिलाड़ी संध्या अग्रवाल  ·  रुना बासु  ·  प्रमिला भट्ट  ·  श्रीरूपा बोस  ·  सांद्रा ब्रगांजा  ·  शर्मिला चक्रवर्ती  ·  पूर्णिमा चौधरी  ·  संगीता दबीर  ·  नीतू डेविड  ·  मिनोती देसाई  ·  रीता डे  ·  कल्याणी ढोकरीकर  ·  राजेश्वरी ढोलकिया  ·  लाया फ्रांसिस  ·  रेशमा गाँधी  ·  अरुणाधती संतोष घोष  ·  रेखा गोडबोले  ·  बिंदेश्वरी गोयल  ·  शशि गुप्ता  ·  स्मिता हरिकृष्ण  ·  सुसान इट्टिचेरिया  ·  अंजू जैन  ·  नीलिमा जोगलेकर  ·  नीता कदम  ·  हेमलता कला  ·  ममता कनोजिया  ·  चंद्रकांता कौल  ·  फावज़ीह खलीली  ·  अरुंधति किरकिरे ·  ममता माबेन  ·  रीमा मल्होत्रा  ·  बबिता मांडलिक  ·  दीपा मराठे  ·  रेणू मारग्रेट  ·  संध्या मजूमदार  ·  रिशिजे मुद्गल  ·  मंजू नादगोड़ा  ·  सुलक्षणा नाईक  ·  उज्वला निकम  ·  शोभा पंडित  ·  सुनेत्र परांजपे  ·  कल्पन परोपकारी  ·  रीता पटेल
 ·  अंजलि पेंढारकर  ·  रेखा पुणेकर  ·  पूर्णिमा राव  ·  कविता राय  ·  लिसी सैम्युल  ·  बीस सरकार  ·  सुधा शाह  ·  अमिता शर्मा  ·  अंजलि शर्मा  ·  जया शर्मा  ·  रूपांजलि शास्त्री  ·  श्यामा शॉ  ·  अमृता शिंदे  ·  सुनीता सिंह  ·  मणिमाला सिंघल  ·  सुजाता श्रीधर  ·  आरती वैद्य  ·  रजनी वेणुगोपाल  ·  एकता बिष्ट  ·  गार्गी बेनर्जी  ·  झूलन गोस्वामी  ·  डायना एडुल्जी  ·  रुमेली धर  ·  लोपामुद्रा भट्टाचार्जी  ·  वृंदा भगत  ·  वेंकटाचर कल्पना  ·  शान्ता रंगास्वामी  ·  शुभांगी कुलकर्णी  ·  स्मृति मंधाना "
8,हेनरी सेन्सियोन्डो,"हेनरी सेंस्योन्डो (जन्म 12 अगस्त 1993) एक युगांडा के क्रिकेटर हैं।[1] उन्होंने 2014 आईसीसी विश्व क्रिकेट लीग डिवीजन तीन टूर्नामेंट में खेला। अप्रैल 2018 में, मलेशिया में 2018 आईसीसी विश्व क्रिकेट लीग डिवीजन चार टूर्नामेंट के लिए उन्हें युगांडा के दस्ते में नामित किया गया था।[2] जुलाई 2018 में, वह 2018-19 आईसीसी वर्ल्ड ट्वेंटी 20 अफ्रीका क्वालीफायर टूर्नामेंट के लिए पूर्वी उप-क्षेत्र समूह में युगांडा के दस्ते का हिस्सा था।[3] अक्टूबर 2018 में, उन्हें ओमान में 2018 आईसीसी विश्व क्रिकेट लीग डिवीजन तीन टूर्नामेंट के लिए युगांडा के दस्ते में नामित किया गया था।[4] मई 2019 में, युगांडा में 2018-19 आईसीसी टी 20 विश्व कप अफ्रीका क्वालीफायर टूर्नामेंट के क्षेत्रीय फाइनल के लिए उन्हें युगांडा के दस्ते में नामित किया गया था।[5][6][7] उन्होंने 20 मई 2019 को बोत्सवाना के खिलाफ युगांडा के लिए अपना ट्वेंटी 20 अंतर्राष्ट्रीय (टी20ई) पदार्पण किया।[8] जुलाई 2019 में, वह हांगकांग में क्रिकेट विश्व कप चैलेंज लीग जुड़नार से आगे, युगांडा प्रशिक्षण दस्ते में नामित पच्चीस खिलाड़ियों में से एक था।[9] नवंबर 2019 में, उन्हें ओमान में क्रिकेट विश्व कप चैलेंज लीग बी टूर्नामेंट के लिए युगांडा के दस्ते में नामित किया गया था।[10] "
9,हेनरी डेविडस,"हेनरी डेविडस (जन्म 19 जनवरी 1980) एक दक्षिण अफ्रीकी क्रिकेटर हैं। दाएं हाथ के बल्लेबाज और एक उपयोगी दाएं हाथ के मध्यम तेज गेंदबाज, डेविड ने अपने करियर की शुरुआत बोलैंड क्रिकेट टीम से की और फिर नैशुआ केप कोबरा में चले गए। उन्होंने 2009 चैंपियंस लीग ट्वेंटी 20 में कोबरा के लिए अच्छा प्रदर्शन किया, प्रतियोगिता में टॉप-टेन रन-स्कोरर में 110.48 के स्ट्राइक-रेट पर 137 रन के साथ समाप्त किया।[1] डेविड्स तब 2009 सीज़न के अंत में नैशुआ टाइटन्स में चले गए और उन्हें उचित सफलता मिली, जो अक्सर ईस्टर्न शौकिया टीम के लिए दिखाई देते थे। उन्हें 2012/13 सीज़न की शुरुआत में नैशुआ टाइटन्स का प्रथम श्रेणी कप्तान नियुक्त किया गया था। 21 दिसंबर 2012 को उन्होंने न्यूजीलैंड के खिलाफ दक्षिण अफ्रीकी टी 20 टीम के लिए पदार्पण किया।[2] अपने दूसरे गेम में उन्होंने 38 गेंदों पर 55 रन बनाए। वह एक प्रतिभाशाली, स्थिर लेकिन आक्रामक दाहिने हाथ के बल्लेबाज हैं। उन्होंने चैंपियंस लीग टी 20 के उद्घाटन संस्करण में केप कोबरा की योग्यता में महत्वपूर्ण भूमिका निभाई थी जो भारत में आयोजित किया गया था और तीन शहरों (बैंगलोर, हैदराबाद, दिल्ली) में कार्रवाई की थी। मई 2017 में, क्रिकेट दक्षिण अफ्रीका के वार्षिक पुरस्कारों में उन्हें लिस्ट ए क्रिकेटर ऑफ़ द सीज़न घोषित किया गया।[3] अगस्त 2017 में, उन्हें टी 20 ग्लोबल लीग के पहले सीज़न के लिए स्टेलनबोश मोनार्क्स टीम में नामित किया गया था।[4] हालांकि, अक्टूबर 2017 में, क्रिकेट दक्षिण अफ्रीका ने शुरू में टूर्नामेंट को नवंबर 2018 तक के लिए टाल दिया, इसके तुरंत बाद रद्द कर दिया गया।[5] "
10,हुसैन तलत,"मोहम्मद हुसैन तलत (उर्दू: حسین طلعت‎; जन्म 12 फरवरी 1996) एक पाकिस्तानी क्रिकेट खिलाड़ी हैं। उन्होंने अप्रैल 2018 में पाकिस्तान क्रिकेट टीम के लिए अंतरराष्ट्रीय क्रिकेट में पदार्पण किया। घरेलू तौर पर, वह पाकिस्तान सुपर लीग (पीएसएल) में इस्लामाबाद यूनाइटेड के लिए खेलते हैं। उन्होंने अपना पीएसएल डेब्यू क्वेटा ग्लैडिएटर्स के खिलाफ किया था। जिसमें उन्होंने अपनी टीम के लिए मूल्यवान पचास रन बनाए और इस्लामाबाद यूनाइटेड को 1 रन से मैच जीतने में मदद की।[1] 
अप्रैल 2018 में, उन्हें पाकिस्तान कप 2018 के लिए संघीय क्षेत्रों के दस्ते में नामित किया गया था।[2][3]
टूर्नामेंट के फाइनल में उन्हें मैन ऑफ द मैच चुना गया।[4]
3 जून 2018 को, उन्हें ग्लोबल टी-20 कनाडा टूर्नामेंट के उद्घाटन संस्करण के लिए खिलाड़ियों के मसौदे में टोरंटो नेशनल के लिए खेलने के लिए चुना गया था।[5][6] सितंबर 2019 में, उन्हें 2019-20 कायदे आजम ट्रॉफी टूर्नामेंट के लिए बलूचिस्तान के दस्ते में नामित किया गया था।[7][8]
अक्टूबर 2020 में, 2020–21 कायदे आजम ट्रॉफी में, तलत ने 253 रन के साथ प्रथम श्रेणी क्रिकेट में अपना पहला दोहरा शतक बनाया।[9] "
11,हीरो कप," हीरो कप 1993 में बंगाल क्रिकेट एसोसिएशन की स्मृति में भारत में खेले जाने वाले एक अंतर्राष्ट्रीय क्रिकेट टूर्नामेंट था।  भारत,  श्रीलंका,  वेस्ट इंडीज,  दक्षिण अफ्रीका और  जिम्बाब्वे ने बहु-राष्ट्र टूर्नामेंट में भाग लिया। भारत ने हीरो कप जीतने के लिए टूर्नामेंट के फाइनल में वेस्टइंडीज को हराया।[1] हीरो कप, हीरो होंडा द्वारा प्रायोजित पहला क्रिकेट आयोजन था।[2] कलकत्ता में आयोजित होने वाले सेमीफाइनल और फाइनल के साथ, दस लीग खेलों में से प्रत्येक के लिए दस अलग-अलग स्थानों का उपयोग किया गया।[3] "
12,हीदर ग्राहम (क्रिकेटर),"हीथर लुईस ग्राहम (जन्म 10 मई 1996) एक ऑस्ट्रेलियाई क्रिकेटर हैं जो तस्मानियाई टाइगर्स और पर्थ स्कॉर्चर्स के लिए खेलते हैं।[1] नवंबर 2018 में, उन्हें 2018-19 महिला बिग बैश लीग सीज़न के लिए पर्थ स्कॉर्चर्स के दस्ते में नामित किया गया था।[2][3] अप्रैल 2019 में, क्रिकेट ऑस्ट्रेलिया ने उन्हें 2019-20 सीज़न से पहले राष्ट्रीय प्रदर्शन दस्ते के साथ एक अनुबंध से सम्मानित किया।[4][5] अगस्त 2019 में, ग्राहम को वेस्टइंडीज के खिलाफ श्रृंखला के लिए ऑस्ट्रेलिया की टीम में नामित किया गया था।[6][7] अगले महीने, ग्राहम को फिर से ऑस्ट्रेलिया की टीम में नामित किया गया, इस बार श्रीलंका के खिलाफ उनकी श्रृंखला के लिए।[8] उन्होंने 7 अक्टूबर 2019 को श्रीलंका के खिलाफ ऑस्ट्रेलिया के लिए महिला एक दिवसीय अंतर्राष्ट्रीय (मवनडे) की शुरुआत की।[9] 2020 में, ग्राहम तस्मानियाई टाइगर्स में चले गए ताकि वह अपने साथी, ऑलराउंडर एमिली स्मिथ के साथ अधिक समय बिता सकें, जो पिछले सीज़न में तस्मानिया चले गए थे।[10] "
13,हिम्मत सिंह (क्रिकेटर),"हिम्मत सिंह (जन्म 8 नवंबर 1996) एक भारतीय क्रिकेटर हैं, जो घरेलू क्रिकेट में दिल्ली के लिए खेलते हैं। वह दाएं हाथ से बल्लेबाजी करते हैं और दाएं हाथ से ब्रेक लेते हैं। उन्होंने अंडर-16, अंडर-19 और अंडर-23 स्तर पर दिल्ली और अंडर-19 स्तर पर नॉर्थ जोन का प्रतिनिधित्व किया।[1] हिम्मत को दिल्ली अंडर-19 के लिए उनके शानदार प्रदर्शन के बाद 2014-15 रणजी ट्रॉफी के लिए दिल्ली टीम में चुना गया था, लेकिन किसी भी मैच में नहीं दिखाई दिए।[2] उन्होंने दिसंबर 2015 में विजय हजारे ट्रॉफी के दौरान 19 साल की उम्र में अपनी लिस्ट ए क्रिकेट की शुरुआत की। उस महीने बाद में, हिम्मत के पिता तेजबीर सिंह ने कीर्ति आज़ाद, बिशन सिंह बेदी, सुरिंदर खन्ना और समीर बहादुर के खिलाफ आपराधिक मानहानि का मुकदमा दायर किया, जिसमें कथित तौर पर कहा गया था कि तेजबीर ने विजय हजारे ट्रॉफी के लिए दिल्ली के अपने दस्ते में बेटे के चयन के लिए 25 लाख रुपये का आदान-प्रदान किया था।[3] उन्होंने 14 अक्टूबर 2017 को रणजी ट्रॉफी 2017-18 में दिल्ली के लिए प्रथम श्रेणी में पदार्पण किया।[4] उन्होंने 2017-18 की जोनल टी 20 लीग में दिल्ली के लिए 9 जनवरी 2018 को ट्वेंटी 20 की शुरुआत की।[5] "
14,हित विकेट,"हिट विकेट की एक विधि है बर्खास्तगी के खेल में क्रिकेटहै। इस बर्खास्तगी की विधि द्वारा शासित है कानून के 35 कानूनों के क्रिकेटहै। स्ट्राइकर से बाहर है ""हिट विकेट"" अगर, के बाद गेंदबाज दर्ज किया गया है उसकी डिलीवरी स्ट्राइड और जबकि गेंद खेलने में है, उसके विकेट है नीचे डाल द्वारा अपने बल्ले या अपने व्यक्ति. स्ट्राइकर हो सकता है इस whilst कर तैयारी प्राप्त करने के लिए या प्राप्त करने के लिए एक वितरण या स्थापना के लिए अपनी पहली चलाने के बाद खेलने के वितरण. सरल भाषा में, अगर हड़ताली बल्लेबाज दस्तक देता है bails ऑफ स्टंप या uproots स्टंप, जबकि करने के प्रयास में गेंद को हिट या बंद लेने के लिए एक रन है, वह बाहर हिट विकेट. इस विधि का छठा सबसे आम विधि की बर्खास्तगी के बाद पकड़ा, गेंदबाजी, पैर से पहले विकेट, रन आउट और स्टम्प्ड. यह काफी दुर्लभ की तुलना में इनमें से किसी भी, जो गठन के पांच पारंपरिक तरीकों, लेकिन अभी भी और अधिक आम की तुलना में अन्य पांच (समय पर, बाहर, को संभाला गेंद, निरोधक क्षेत्र, सेवानिवृत्त बाहर है और गेंद को हिट दो बार) कर रहे हैं, जो अत्यंत दुर्लभ है। खेलने के लिए सरे के खिलाफ डर्बीशायर पर अंडाकार 1953 में, एलन Revill's हाथ से मारा गया था एक उठाने से वितरण एलेक Bedser. Revill को हिलाकर रख दिया उसके हाथ में दर्द, और अपने दस्ताने दूर उड़ गया, मारा स्टंप उखाड़ फेंकना और एक जमानत. अंपायर माना जाता है कि Revill अभी भी था, ""गेंद पर"", और वह खारिज कर दिया गया था ""हिट विकेट"".[1] "
15,हार्दिक पाण्डया,हार्दिक हिमांशु पण्ड्या भारतीय क्रिकेट खिलाड़ी हैं।[1] उनका जन्म ११ अक्टूबर १९९३ को सूरत गुजरात में हुआ।  वो बड़ौदा क्रिकेट टीम और इंडियन प्रीमियर लीग में गुजरात टाइटन्स के लिए खेलते हैं।[2][3] वो 2022 आईपीएल के लिए वह गुजरात टीम के कप्तान भी है[4]। पण्ड्या दाएँ हाथ के मध्यम तेज गेंदबाज तथा दाएँ हाथ के मध्यक्रम बल्लेबाज हैं। इन्होंने अपने कैरियर की शुरुआत २६ जनवरी २०१६ को ट्वेन्टी ट्वेन्टी के साथ ऑस्ट्रेलिया के खिलाफ की थी।[5] आईपीएल 2022 में हार्दिक पंड्या की कप्तानी में गुजरात टाइटन्स ने अपने डेब्यू सीजन में ही खिताब अपने नाम करके इतिहास रचा दिया है।[6] 2022 आयरलैंड दौरे के लिए हार्दिक पंड्या के हाथ में टीम इंडिया की कमान दी गई है। टीम इंडिया को इंग्लैंड दौरे से पहले आयरलैंड के खिलाफ दो मैच की टी-20 सीरीज़ खेलनी है।[7] 
16,हार्डस विलोजेन,"जीसी विल्ज़ेन[upper-alpha 1] (जन्म 6 मार्च 1989), जिसे हार्डुस विलोज़ेन के नाम से जाना जाता है,[2] एक दक्षिण अफ्रीकी पेशेवर क्रिकेटर है। विलोज़ेन घरेलू क्रिकेट में लायंस के लिए खेले और दक्षिण अफ्रीका की राष्ट्रीय टीम के लिए एक टेस्ट मैच में उपस्थिति दर्ज कराई। वह दाएं हाथ के तेज गेंदबाज हैं। 2015 के आखिरी दिन पहली बार काइल एबट के कवर के रूप में विल्ज़ोन को दक्षिण अफ्रीकी टीम में बुलाया गया था।[3] उन्होंने इंग्लैंड के खिलाफ 14 जनवरी 2016 को टेस्ट क्रिकेट में पदार्पण किया,[4] टेस्ट क्रिकेट में अपनी पहली गेंद के साथ इंग्लैंड के कप्तान एलिस्टर कुक का विकेट लेकर, यह उपलब्धि हासिल करने वाले 20 वें खिलाड़ी थे।[5] अगस्त 2016 में इंग्लिश काउंटी क्रिकेट में थोड़े समय के लिए विलोज़ेन केंट काउंटी क्रिकेट क्लब में शामिल हुए, 2016 काउंटी चैम्पियनशिप सीज़न के अंतिम चार मैचों में खेले।[6] उन्होंने 23 अगस्त को ब्रिस्टल में ग्लॉस्टरशायर के खिलाफ मैच के पहले दिन पांच विकेट लेकर अपनी काउंटी चैम्पियनशिप की शुरुआत की।[7] सीज़न के अंत में केंट ने विलज़ेन को एक अनुबंध प्रस्ताव दिया, लेकिन डर्बीशायर द्वारा किए गए अधिक आकर्षक प्रस्ताव से मेल खाने के लिए तैयार नहीं थे, जिन्होंने दिसंबर 2016 में तीन साल के कोलपैक अनुबंध पर खिलाड़ी को हस्ताक्षरित किया।[8] दो सत्रों के लिए काउंटी खेलने के बाद अनुबंध को जनवरी 2019 में ""आपसी सहमति से""[9] समाप्त कर दिया गया, जिसके साथ जून में विलजेन ने 2019 टी 20 ब्लास्ट में केंट के लिए खेलने के लिए हस्ताक्षर किए।[10] "
17,हारून अरशद,"हारून अरशद (जन्म 6 सितंबर 1999) एक हांगकांग के क्रिकेटर हैं।[1] उन्होंने 20 अक्टूबर 2017 को आईसीसी इंटरकांटिनेंटल कप 2015-17 में हांगकांग के लिए प्रथम श्रेणी में पदार्पण किया।[2] अगस्त 2018 में, उन्हें 2018 एशिया कप क्वालीफायर टूर्नामेंट के लिए हांगकांग के टीम में नामित किया गया था, लेकिन वह नहीं खेले।[3] हांगकांग ने क्वालीफायर टूर्नामेंट जीता, और फिर उसे 2018 एशिया कप के लिए हांगकांग के दस्ते में नामित किया गया था, और फिर से वह नहीं खेला।[4] अक्टूबर 2018 में, वह 2018 एसीसी अंडर-19 एशिया कप में हांगकांग के लिए प्रमुख रन-स्कोरर थे, जिसमें तीन मैचों में 52 रन थे।[5] सितंबर 2019 में, उसे 2019–20 ओमान पेंटांगुलर सीरीज के लिए हांगकांग के ट्वेंटी 20 इंटरनेशनल (टी20ई) टीम में, और संयुक्त अरब अमीरात में 2019 आईसीसी टी 20 विश्व कप क्वालीफायर टूर्नामेंट में नामित किया गया था।[6] उन्होंने 5 अक्टूबर 2019 को, ओमान के खिलाफ, हांगकांग के लिए अपना टी20ई पदार्पण किया।[7] टी 20 क्वालीफायर टूर्नामेंट से आगे, अंतर्राष्ट्रीय क्रिकेट परिषद (आईसीसी) ने उन्हें हांगकांग के टीम में देखने के लिए खिलाड़ी के रूप में नामित किया।[8] "
18,हामू कयांडो,"हामू कायोंडो (जन्म 9 मार्च 1990) युगांडा के एक क्रिकेटर हैं।[1] उन्होंने 24 जनवरी 2015 को कनाडा के खिलाफ युगांडा के लिए 2015 आईसीसी विश्व क्रिकेट लीग डिवीजन टू टूर्नामेंट में अपनी लिस्ट ए क्रिकेट की शुरुआत की।[2] अप्रैल 2018 में, उन्हें मलेशिया में 2018 आईसीसी विश्व क्रिकेट लीग डिवीजन चार टूर्नामेंट के लिए युगांडा के दस्ते में नामित किया गया था।[3] वह टूर्नामेंट में युगांडा के लिए सबसे अधिक रन बनाने वाले खिलाड़ी थे, उन्होंने छह मैचों में 179 रन बनाए।[4] जुलाई 2018 में, वह 2018-19 आईसीसी विश्व ट्वेंटी 20 अफ्रीका क्वालीफायर टूर्नामेंट के लिए पूर्वी उप क्षेत्र समूह में युगांडा के दस्ते का हिस्सा थे।[5] सितंबर 2018 में, उन्हें 2018 अफ्रीका टी20 कप के लिए युगांडा की टीम में नामित किया गया था।[6][7] अगले महीने, उन्हें ओमान में 2018 आईसीसी विश्व क्रिकेट लीग डिवीजन थ्री टूर्नामेंट के लिए युगांडा के दस्ते में नामित किया गया था।[8] "
19,हामिद हसन,"हामिद हसन (पश्तो: حميد حسن‎) (जन्म १ जून १९८७) अफ़ग़ानिस्तान क्रिकेट टीम के एक खिलाड़ी हैं। हसन दाएं हाथ के तेज गेंदबाज हैं जो अंतरराष्ट्रीय क्रिकेट में अफ़ग़ानिस्तान का प्रतिनिधित्व करते हैं। वह पाकिस्तान में पाकिस्तान कस्टम्स, इंग्लैंड में मेरीलेबोन क्रिकेट क्लब और अफ़ग़ानिस्तान में बैंड-ए-आमिर टाइगर्स में प्रथम श्रेणी क्रिकेट खेल चुके है। हामिद हसन को २००९ में आईसीसी विश्व कप क्वालिफायर में अफ़गानिस्तान की टीम में शामिल किया गया था। इस प्रकार उन्होंने अपने अंतरराष्ट्रीय वनडे क्रिकेट करियर की शुरुआत स्कॉटलैंड क्रिकेट टीम के खिलाफ १९ अप्रैल २००९ को की थी। उस मुक़ाबले में उन्होंने ८ ओवर में ३३ रन देकर ३ विकेट लिए थे।[1] जबकि उन्होंने अपना पहला ट्वेन्टी-२० अंतरराष्ट्रीय मुक़ाबला १ फरवरी २०१० को आयरलैंड के खिलाफ खेला था। अपने पहले टी-२० मैच में ३ ओवर में १४ रन देकर १ विकेट लिया था। हालांकि उन्हें २०१६ के बाद से इस प्रारूप में खेलने का मौका नहीं मिला है। "
20,हामिद मीर,"हामिद मीर (حامد مير‎) पाकिस्तान के एक प्रमुख पत्रकार, समाचार एंकर, आतंकवाद विशेषज्ञ और सुरक्षा विश्लेषक हैं। वे जियो टीवी से संपादक हैं तथा राजनीतिक टॉक शो कैपिटल टॉक ऑन जियो टीवी की मेजबानी करते हैं।[1] इनको पाकिस्तान के मुक्त पत्रकारों में से एक माना जाता है, जियो टीवी एक अर्से से चले आ रहे अख़बार जंग का टीवी चैनल है। सन् २०११ में तालिबान की धमकी के बाद इनका बयान प्रसिद्ध हुआ था कि वो उनसे मिलने सिर्फ़ एक क़लम लेकर आएंगे। इन्होने ओसामा बिन लादेन, कोलिन पॉवेल और लाल कृष्ण आडवाणी का साक्षात्कार लिया हैं। 19 अप्रैल 2014 को कराची एयरपोर्ट से जियो न्यूज के दफ्तर जाते समय बाइकसवार हमलावरों ने मीर की कार पर गोलियां दागीं। मीर के ड्राइवर ने बहादुरी दिखाते हुए कार भगा दी। [1] मेडिकल रिपोर्ट के अनुसार, मीर पर छह गोलियां चलाई गई थीं। हालांकि सर्जरी के दौरान मीर के शरीर से तीन गोलियां निकाल ली गई, लेकिन अब भी तीन उनके शरीर में हैं। रिपोर्ट के मुताबिक, हामिद मीर खतरे से बाहर हैं। अद्यतन-21 अप्रैल 2014[2][3] पाकिस्तानी प्रधानमंत्री नवाज शरीफ ने इस हमले की न्यायिक जांच के लिए तीन सदस्यीय दल गठित करने का तथा हमलावरों को पकड़वाने पर 1 करोड़ रुपये इनाम की घोषणा की। इससे पहले 2012 में भी इस्लामाबाद में भी हामिद पर हमले की साजिश रची गई थी। उस समय उनकी कार के नीचे बम लगाया गया था जिसे समय रहते निष्क्रिय कर दिया गया था।[2] "
21,हाँगकाँग क्रिकेट टीम,"वनडे किट टी20 किट हाँगकाँग क्रिकेट टीम आईसीसी क्रिकेट की सदस्य एक क्रिकेट टीम है जो [1][2] विभिन्न प्रारूपों में खेलती है। 
हाँगकाँग २०१६ में २०-२० विश्व कप में भी खेलने वाली है। "
22,हाईवेल्ड लायंस,प्रथम श्रेणी T20 बिज़हब हाईवेल्ड लायंस दक्षिण अफ्रीका में संयुक्त सेंट्रल गौतेंग लायंस क्रिकेट टीम और नॉर्थ वेस्ट प्रथम श्रेणी क्रिकेट टीमों द्वारा उपयोग किया जाने वाला नाम है। 
23,हर्षिता मदवि,"हर्षिता मडावी (जन्म 29 जून 1998) एक श्रीलंकाई क्रिकेटर हैं जो श्रीलंका की महिला क्रिकेट टीम के लिए खेलती हैं।[1] उन्होंने 20 सितंबर 2016 को ऑस्ट्रेलिया के खिलाफ अपना एक दिवसीय अंतर्राष्ट्रीय (वनडे) पदार्पण किया।[2] नवंबर 2019 में, उन्हें 2019 दक्षिण एशियाई खेलों में महिला क्रिकेट टूर्नामेंट के लिए श्रीलंका की टीम की कप्तान के रूप में नामित किया गया था।[3] फाइनल में बांग्लादेश से दो रन से हारकर श्रीलंकाई टीम ने रजत पदक जीता।[4] जनवरी 2020 में, उन्हें ऑस्ट्रेलिया में 2020 आईसीसी महिला टी20 विश्व कप के लिए श्रीलंका के टीम के उप-कप्तान के रूप में नामित किया गया था।[5] अक्टूबर 2021 में, उन्हें जिम्बाब्वे में 2021 महिला क्रिकेट विश्व कप क्वालीफायर टूर्नामेंट के लिए श्रीलंका की टीम के उप-कप्तान के रूप में नामित किया गया था।[6] "
24,हर्षा भोगले,हर्षा भोगले (जन्म 19 जुलाई 1961) एक भारतीय क्रिकेट कमेंटेटर और पत्रकार हैं।[1] उनका जन्म हैदराबाद के एक मराठी भाषी परिवार में हुआ। भोगले हाल ही में एक स्वतंत्र पत्रकार बने हैं। हर्षा भोगले A.D.Bhogle के बेटे हैं जो की एक फ्रेंच प्रोफेसर और उनकी माँ का नाम शालिनी भोगले है जो की मनोविज्ञान की प्रोफेसर हैं। वह हैदराबाद पब्लिक स्कूल गए और बाद में ह्यदेरबाद के ओस्मानिया यूनिवर्सिटी से केमिकल इंजीनियरिंग की पढ़ाई की। उन्होंने अपना स्नातकोत्तर कार्यक्रम PGDM भारतीय मैनेजमेंट संसथान अहमदाबाद से किया। स्नातक स्तर की पढ़ाई के बाद उन्होंने एक एडवरटाइजिंग एजेंसी में दो वर्षो तक काम किया जिसके बाद वे स्पोर्ट्स मैनेजमेंट कंपनी में दो वर्षो के लिए जुड़ गए। भोगले ने अपने करियर की शुरुआत APCA के क्रिकेट खिलाडी के तौर पर की और छोटे स्तर की क्रिकेट में हिस्सा लिया। फिर उन्होंने हैदराबाद में रहते हुए 19 साल की उम्र में आकाशवाणी में कमेंट्री की शुरुआत की। 1991-92 में वे ऑस्ट्रेलियाई ब्राडकास्टिंग कारपोरेशन के तरफ से भारत के क्रिकेट सीरीज के दौरान आमंत्रित किये जाने वाले पहले भारतीय क्रिकेट कमेंटेटर बने। 
25,हर्षल पटेल,"हर्षल विक्रम पटेल (जन्म, २३ नवंबर १९९०, सानंद, गुजरात) एक भारतीय प्रथम श्रेणी क्रिकेट के खिलाड़ी हैं जो [1]मुख्य रूप से तेज गेंदबाजी करते है। दाहिने हाथ के तेज गेंदबाज, हर्षल पटेल ने २००८-०९ अंडर-१९ वीनू मांकड ट्रॉफी में ११ की प्रभावशाली औसत से २३ विकेट लिए थे। बाद में उन्होंने २००९-१० में गुजरात के लिए अपने एक दिवसीय क्रिकेट की शुरुआत की थी।[2] ये २०१२ से २०१७ तक इंडियन प्रीमियर लीग में ये विराट कोहली की कप्तानी वाली रॉयल चैलेंजर्स बैंगलोर टीम में खेल रहे थे लेकिन २०१८ इंडियन प्रीमियर लीग में इन्हें दिल्ली डेयरडेविल्स ने अपनी टीम में शामिल किया था। आईपीएल 2021 में हर्षल पटेल को पर्पल कैप दिया गया[3] | हर्षल पटेल ने 32 विकेट लिए थे | "
26,हर्ष ठाकर,"हर्ष ठाकर (जन्म 24 अक्टूबर 1997) एक कनाडाई क्रिकेटर हैं।[1] उन्होंने 3 अक्टूबर 2018 को 2018-19 क्षेत्रीय सुपर50 टूर्नामेंट में कनाडा के लिए अपनी लिस्ट ए की शुरुआत की।[2] लिस्ट ए में पदार्पण से पहले, उन्हें 2016 के अंडर-19 क्रिकेट विश्व कप के लिए कनाडा की टीम में नामित किया गया था।[3] जून 2019 में, उन्हें 2019 ग्लोबल टी 20 कनाडा टूर्नामेंट में वैंकूवर नाइट्स फ्रैंचाइज़ी टीम के लिए खेलने के लिए चुना गया था।[4] अगस्त 2019 में, उन्हें 2018-19 आईसीसी टी20 विश्व कप अमेरिका क्वालीफायर टूर्नामेंट के क्षेत्रीय फाइनल के लिए कनाडा के दस्ते में नामित किया गया था।[5] उन्होंने 25 अगस्त 2019 को संयुक्त राज्य अमेरिका के खिलाफ कनाडा के लिए अपना ट्वेंटी 20 अंतर्राष्ट्रीय (टी20आई) पदार्पण किया।[6] सितंबर 2019 में, उन्हें 2019 मलेशिया क्रिकेट विश्व कप चैलेंज लीग ए टूर्नामेंट के लिए कनाडा की टीम में नामित किया गया था।[7] अगले महीने, उन्हें वेस्टइंडीज में 2019-20 क्षेत्रीय सुपर50 टूर्नामेंट के लिए कनाडा की टीम में नामित किया गया था।[8] अक्टूबर 2021 में, उन्हें एंटीगुआ में 2021 आईसीसी पुरुष टी20 विश्व कप अमेरिका क्वालीफायर टूर्नामेंट के लिए कनाडा की टीम में नामित किया गया था।[9] "
27,हर्शल गिब्स,"हर्शल हरमन गिब्स (जन्म 23 फ़रवरी 1974, दक्षिण अफ्रीका के केप टाउन में), दक्षिण अफ्रीकी क्रिकेटर हैं जो विशेष रूप से एक बल्लेबाज हैं। गिब्स ने स्कूली शिक्षा सेंट जोसेफ मरिस्ट कॉलेज से और फिर रोंड़ेबोश में दिओससन कॉलेज (Diocesan college) से प्राप्त की. गिब्स स्कूल में एक प्रतिभाशाली खिलाडी थे, जिन्होंने SA स्कूल टीमों में, प्रांतीय रग्बी, क्रिकेट और फुटबॉल, सभी तीनो खेलों में हिस्सा लिया। उनकी स्टंप्स गिराने की क्षमता के कारण, कुछ लोगों द्वारा उन्हें बैकवर्ड पॉइंट पर दूसरा जोंटी रोड्स माना जाता है, साथ ही क्रिकइन्फो द्वारा 2005 के अंत में बनाए गए एक रिपोर्ट में यह दिखाया गया की, 1999 के क्रिकेट विश्व कप से लेकर अब तक एक दिवसीय अंतर्राष्ट्रीय क्रिकेट में किसी भी क्षेत्ररक्षक द्वारा सबसे अधिक रन आउट को प्रभावित करने में वह आठवें स्थान पर हैं, साथ ही दसवें सर्वोच्च सफलता दर पर भी हैं।[1] गिब्स के बारे में कहा जाता है कि वह शायद ही किसी मैच से पहले, नेट पर अभ्यास करते हैं। कहा जाता है कि वह इस मामले में अपना स्वाभाविक खेल खेलना पसंद करते हैं। "
28,हर्नान फेनेल,"हर्नान फेनेल (जन्म 2 फरवरी 1988) अर्जेंटीना के एक क्रिकेटर हैं।[1][2] उन्होंने 2013 आईसीसी विश्व क्रिकेट लीग डिवीजन छह टूर्नामेंट[3] और 2019 दक्षिण अमेरिकी क्रिकेट चैम्पियनशिप, पेरू के लीमा के पास एल कॉर्टिजो पोलो क्लब में एक ट्वेंटी 20 अंतर्राष्ट्रीय (टी20आई) टूर्नामेंट खेला।[4][5] फेनेल ब्यूनस आयर्स की क्रिकेट सिन फ्रोंटेरास (क्रिकेट विदाउट बॉर्डर्स) क्रिकेट टीम के मुख्य कोच थे, जो 2017 में सेंट पीटर्स क्रिकेट क्लब के खिलाफ खेलने के लिए रोम गए थे;  वहां पोप फ्रांसिस के साथ उनके दर्शक थे। परियोजना 2009 में शुरू हुई और जोखिम वाले पड़ोस में युवाओं के लिए हिंसा और अपराध के विकल्प प्रदान करती है; 2017 में छह से बीस वर्ष की आयु के लगभग 800 लड़के और लड़कियां क्रिकेट खेलना सीख रहे थे।[6][7] 2019 में फेनेल मुख्य कोच के रूप में जारी है और प्रतिभागियों की संख्या 1500 से अधिक है। वेस्ट इंडीज क्रिकेट बोर्ड द्वारा प्रमाणित द्वितीय स्तर के कोच होने के अलावा फेनेल एक उच्च प्रदर्शन खेल पंजीकरण के साथ एक शारीरिक शिक्षा शिक्षक हैं।[8] सितंबर 2019 में, उन्हें 2019 दक्षिण अमेरिकी क्रिकेट चैम्पियनशिप में पुरुषों के टूर्नामेंट के लिए अर्जेंटीना के ट्वेंटी 20 अंतर्राष्ट्रीय (टी20आई) टीम में नामित किया गया था। उन्होंने 3 अक्टूबर 2019 को मैक्सिको के खिलाफ अर्जेंटीना के लिए अपना टी20आई डेब्यू किया।[9] "
29,हरिकेन रिलीफ टी-२० चैलेंज,"वेस्टइंडीज क्रिकेट टीम सितंबर 2017 में तूफान इरमा और तूफान मारिया द्वारा क्षतिग्रस्त स्टेडियमों के लिए धन जुटाने के लिए 31 मई 2018 को इंग्लैंड में बाकी विश्व इलेवन टीम के खिलाफ ट्वेंटी-20 इंटरनेशनल (टी20ई) खेलना है।[1] क्षतिग्रस्त स्टेडियम एंगुइला और डोमिनिका के विंडसर पार्क में रोनाल्ड वेबस्टर पार्क थे।[2] अंतरराष्ट्रीय क्रिकेट परिषद (आईसीसी) ने स्थिरता अंतरराष्ट्रीय स्थिति प्रदान की,[3] मैच की मेजबानी के लिए लॉर्ड्स क्रिकेट ग्राउंड को स्थान के रूप में चुना जा रहा है।[4] मार्च 2018 में, आईसीसी ने इयोन मोर्गन को विश्व इलेवन टीम के कप्तान के रूप में नामित किया।[5] अगले महीने, कार्लोस ब्रेथवेट को वेस्टइंडीज टीम के कप्तान के रूप में नामित किया गया था।[6] हालांकि, मैच से दो दिन पहले, मॉर्गन को एक फ्रैक्चर उंगली के साथ स्थिरता से बाहर कर दिया गया था। सैम बिलिंग्स ने मोर्गन को टीम में बदल दिया और शाहिद अफरीदी को विश्व इलेवन टीम के कप्तान के रूप में नामित किया गया।[7] शाकिब अल हसन मूल रूप से बाकी विश्व टीम में नामित किया गया था, लेकिन व्यक्तिगत कारणों से वापस ले लिया गया और संदीप लमिचहेन के साथ बदल दिया गया।[13] हार्दिक पंड्या को वायरल बीमारी के साथ मैच से बाहर कर दिया गया था, और मोहम्मद शमी ने उन्हें बदल दिया था।[15] "
30,हरलीन देओल,"हरलीन कौर देओल (जन्म 21 जून 1998) एक भारतीय क्रिकेटर हैं।[1] वह हिमाचल प्रदेश के लिए खेलती हैं।[2] वह एक दाएं हाथ की महिला बल्लेबाज है, जो कभी-कभी दाएं हाथ के लेग स्पिन गेंदबाजी भी करती है। हरलीन देओल अपने क्रिकेट कैरियर के शुरुआती दिनों में पहले पंजाब के लिए और फिर हिमाचल प्रदेश के लिए घरेलू क्रिकेट खेला करती थी।[3]
हरलीन ने 22 फरवरी 2019 को मुंबई के वानखेड़े में इंग्लैंड महिला के खिलाफ भारत महिला के लिए अपना महिला एक दिवसीय अंतर्राष्ट्रीय क्रिकेट (मवनडे) शुरू किया।[4] वह तान्या भाटिया के बाद भारत की ओर से खेलने वाली चंडीगढ़ की दूसरी महिला क्रिकेटर बनीं।[5] उन्होंने 4 मार्च 2019 को इंग्लैंड के खिलाफ महिला ट्वेंटी-20 अंतर्राष्ट्रीय (मटी20ई) की शुरुआत की।[6] हरलीन ने 6 मई 2019 को सुपरनोवा के खिलाफ ट्रेलब्लेज़र्स के लिए महिला आईपीएल टी-20 चुनौती की शुरुआत की और उन्होंने स्मृति मंधाना के साथ 100 रनों की साझेदारी भी की।[7] जनवरी 2020 में, ऑस्ट्रेलिया में 2020 के आईसीसी महिला टी 20 विश्व कप के लिए उन्हें भारत की टीम में नामित किया गया था।[8] "
31,हरमनप्रीत कौर,"हरमनप्रीत कौर (जन्म: ८ मार्च १९८९) एक हरफनमौला भारतीय महिला क्रिकेट खिलाड़ी हैं। २०१७ में इन्हें प्रतिष्ठित अर्जुन पुरस्कार से सम्मानित किया गया। नवंबर 2018 में, वह महिला ट्वेन्टी २० अंतरराष्ट्रीय मैच में शतक लगाने वाली भारत की पहली महिला बनीं।[1] इनका जन्म ८ मार्च १९८९ को पंजाब के मोगा में हुआ था।[2] वह हर्मन्दर सिंह भुल्लर, वॉलीबॉल और बास्केटबाल खिलाड़ी और सतविंदर कौर के घर पैदा हुई थीं।  उसके माता-पिता बपतिस्मा लेने वाले सिख हैं। उनकी छोटी बहन हेमजीत अंग्रेजी में स्नातकोत्तर हैं और मोगा में गुरु नानक कॉलेज में एक सहायक प्रोफेसर के रूप में काम करती हैं।  उन्होंने मोगा में अपने निवास से 30 किलोमीटर दूर, जियान ज्योति स्कूल अकादमी में शामिल होने के बाद क्रिकेट खेलना शुरू किया, जहां उन्होंने कमलदेश सिंह सोढ़ी के तहत प्रशिक्षित किया। हरमन अपने करियर के प्रारंभिक दिनों में पुरुषों के साथ खेलते थे। वह 2014 में मुंबई चली गई जहां उन्होंने भारतीय रेलवे के लिए काम करना शुरू किया।  हरमनप्रीत वीरेंद्र सहवाग से प्रेरित थे। जिन्होंने २ टेस्ट, ८६ महिलाओं की एक दिवसीय अंतर्राष्ट्रीय और भारत के लिए ७७ ट्वेन्टी-२० अंतर्राष्ट्रीय मैच खेले है।[3][4][5] "
32,हरफनमौला,"एक हरफनमौला (ऑल-राउन्डर) ऐसा क्रिकेट खिलाड़ी है जो नियमित तौर पर बल्लेबाजी और गेंदबाजी दोनों में अच्छा प्रदर्शन करता है। हालांकि सभी गेंदबाजों के लिए बल्लेबाजी जरूरी होती है और कुछ बल्लेबाज कभी-कभार गेंदबाजी भी करते हैं, ज्यादातर खिलाड़ी इन दो चीजों में से सिर्फ किसी एक में ही निपुण होते हैं और वे विशेषज्ञ माने जाते हैं। कुछ विकेट-कीपरों में विशेषज्ञ बल्लेबाजों की निपुणता होती है और वे भी हरफनमौला कहे जाते हैं, लेकिन उनके लिए विकेट-कीपर बल्लेबाज शब्दावली का ज्यादा इस्तेमाल किया जाता है। महानतम हरफनमौला (ऑल-राउन्डरों) में जॉर्ज हर्स्ट, विल्फ्रेड रॉड्स, मुश्ताक मोहम्मद, कीथ मिलर, गारफील्ड सोबर्स, एंड्रयू फ्लिंटॉफ, वॉल्टर हैमंड, इयान बॉथम, जैक्स कैलिस, कपिल देव, रिचर्ड हैडली, डब्ल्यू. जी. ग्रेस, क्रिस कैर्न्स, शेन वॉटसन, ड्वेन ब्रावो, इमरान खान और शाहिद अफरीदी का नाम लिया जा सकता है। वैसे किसी खिलाड़ी के लिए ऐसी कोई सटीक योग्यता नहीं है जिसके आधार पर उसे हरफनमौला माना जाए और इस नाम का प्रयोग व्यक्तिपरक हो जाता है। आमतौर पर 'वास्तविक हरफनमौला' उसे कहा जाता है जिसकी बल्लेबाजी या गेंदबाजी क्षमता ऐसी हो जिससे कि वो उनमें से किसी एक दम पर ही उस दल में जगह बनाने में कामयाब हो जिसके लिए वो खेलते हैं।[कृपया उद्धरण जोड़ें] 'वास्तविक हरफनमौला' की एक और परिभाषा ये हैं कि एक ऐसा खिलाड़ी जो अपनी बल्लेबाजी और गेंदबाजी से (हालांकि जरूरी नहीं है कि एक ही मैच में दोनों का कमाल दिखे), लगातार अपने ""दल के लिए मैच जीतने में मदद करे"" (यानी, उत्कृष्ट व्यक्तिगत प्रदर्शन से अपने दल की जीत में भूमिका निभाए)। परिभाषा के मुताबिक एक वास्तविक हरफनमौला टीम के लिए बेहद दुर्लभ और काफी मूल्यवान खिलाड़ी होता है क्योंकि वो प्रभावी तौर पर दो खिलाड़ियों के रूप में काम करता है। कभी-कभी भ्रम की स्थिति पैदा हो जाती है जब एक विशेषज्ञ गेंदबाज बल्ले से अच्छा प्रदर्शन करता है। उदाहरण के लिए, वेस्ट इंडीज़ के महान तेज गेंदबाज मैल्कॉम मार्शल कई बार अच्छी पारी खेला करते थे, लेकिन ये इतनी बार नहीं होता था कि उन्हें हरफनमौला माना जाए. इसके बजाए उन्हें निम्न क्रम का अच्छा बल्लेबाज कहा जा सकता है। इसी तरह एक विशेषज्ञ बल्लेबाज को उपयोगी बदलाव का गेंदबाज कहा जा सकता है और इसके एक अच्छे उदाहरण एलन बॉर्डर हैं जिन्होंने 1989 में एक बार एक टेस्ट मैच में तब 11 विकेट लिए, जब परिस्थितियां उनके बाएं हाथ की फिरकी गेंदबाजी के अनुकूल थीं।[1] "
33,हरप्रीत सिंह,"हरप्रीत सिंह भाटिया (जन्म 11 अगस्त 1991) एक भारतीय क्रिकेटर हैं जो भारतीय घरेलू क्रिकेट में छत्तीसगढ़ क्रिकेट टीम और सेंट्रल ज़ोन के लिए खेलते हैं।[1] वह बाएं हाथ के बल्लेबाज और दाएं हाथ के मध्यम गति के गेंदबाज हैं। वह 2011 इंडियन प्रीमियर लीग में पुणे वारियर्स इंडिया टीम के सदस्य थे।[2] उन्होंने 2010 के आईसीसी अंडर-19 क्रिकेट विश्व कप में भारत का प्रतिनिधित्व किया। अप्रैल 2017 में, यह घोषणा की गई थी कि उन्हें इंडियन प्रीमियर लीग के शेष भाग में हिस्सा लेने के लिए रॉयल चैलेंजर्स बैंगलोर द्वारा हस्ताक्षरित किया गया था। नीलामी में अनसोल्ड रहने के बाद, उन्हें सरफराज खान द्वारा चोटिल होने के बाद रॉयल चैलेंजर्स बैंगलोर द्वारा लिया गया था।[3] वह मध्य प्रदेश के लिए 2017-18 में रणजी ट्रॉफी में सात मैचों में 629 रन बनाने वाले प्रमुख रन-स्कोरर थे।[4] वह 2018-19 में विजय हजारे ट्रॉफी में मध्य प्रदेश के लिए अग्रणी रन स्कोरर भी थे, पांच मैचों में 271 रन बनाए।[5] "
34,हमजा ताहिर,"हमजा ताहिर (जन्म 9 नवंबर 1995) एक स्कॉटिश क्रिकेटर हैं।[1][2] उन्होंने 12 जून 2018 को पाकिस्तान के खिलाफ स्कॉटलैंड के लिए अपना ट्वेंटी 20 अंतर्राष्ट्रीय (टी20आई) पदार्पण किया।[3] उन्होंने 2018-19 ओमान चतुष्कोणीय श्रृंखला के बाद, 20 फरवरी 2019 को ओमान के खिलाफ स्कॉटलैंड के लिए अपनी लिस्ट ए की शुरुआत की।[4] जून 2019 में, उन्हें आयरलैंड भेड़ियों की भूमिका निभाने के लिए आयरलैंड दौरे में स्कॉटलैंड ए का प्रतिनिधित्व करने के लिए चुना गया था।[5] अगले महीने, उन्हें यूरो टी20 स्लैम क्रिकेट टूर्नामेंट के उद्घाटन संस्करण में ग्लासगो जायंट्स के लिए खेलने के लिए चुना गया था।[6][7] हालांकि, अगले महीने टूर्नामेंट रद्द कर दिया गया था।[8] जुलाई 2019 में, उन्हें 2019 स्कॉटलैंड ट्राई-नेशन सीरीज़ के लिए स्कॉटलैंड के एक दिवसीय अंतर्राष्ट्रीय (वनडे) टीम में नामित किया गया था।[9] उन्होंने 17 अगस्त 2019 को पापुआ न्यू गिनी के खिलाफ स्कॉटलैंड के लिए अपना वनडे डेब्यू किया।[10] अपने अगले मैच में, ओमान के खिलाफ, उन्होंने एकदिवसीय क्रिकेट में अपना पहला पांच विकेट लिया।[11][12] "
35,हमजा तारिक,"हमजा तारिक (जन्म 21 जुलाई 1990) एक पाकिस्तानी क्रिकेटर हैं जो कनाडा की राष्ट्रीय क्रिकेट टीम के लिए खेलते हैं और जो कनाडा की अंडर-19 टीम के लिए भी खेल चुके हैं। तारिक एक विकेटकीपर-बल्लेबाज के रूप में प्रदर्शन करते हैं और उन्हें ""कनाडा के होनहार बल्लेबाजों में से एक"" के रूप में वर्णित किया गया है।[1] वह आईसीसी 2011 क्रिकेट विश्व कप के दौरान कनाडा की टीम का हिस्सा थे। टूर्नामेंट के दौरान, वह एक भ्रष्ट दृष्टिकोण का लक्ष्य था, जिसके बारे में उन्होंने आईसीसी की भ्रष्टाचार निरोधक इकाई को सूचना दी।[2] जनवरी 2018 में, उन्हें 2018 आईसीसी विश्व क्रिकेट लीग डिवीजन टू टूर्नामेंट के लिए कनाडा की टीम में नामित किया गया था।[3] 3 जून 2018 को, उन्हें ग्लोबल टी 20 कनाडा टूर्नामेंट के उद्घाटन संस्करण के लिए खिलाड़ियों के मसौदे में विन्निपेग हॉक्स के लिए खेलने के लिए चुना गया था।[4][5] सितंबर 2018 में, उन्हें 2018-19 आईसीसी विश्व ट्वेंटी 20 अमेरिका क्वालीफायर टूर्नामेंट के लिए कनाडा की टीम में नामित किया गया था।[6] जून 2019 में, उन्हें 2019 ग्लोबल टी 20 कनाडा टूर्नामेंट में विन्निपेग हॉक्स फ्रैंचाइज़ी टीम के लिए खेलने के लिए चुना गया था।[7] "
36,हनुमा विहारी,"हनुमा विहारी (जन्म 13 अक्टूबर 1993) एक भारतीय क्रिकेट खिलाड़ी है जो भारतीय घरेलू क्रिकेट में आंध्र प्रदेश के लिए खेलते है।[1] विकेट के पीछे पहली ही गेंद पर क्रिस गेल को आउट करने वाले ये एकमात्र भारतीय घरेलू खिलाड़ी हैं जो नियमित रूप से ऑफ-ब्रेक गेंदबाज हैं। साथ ही ये एक दाहिने हाथ के बल्लेबाज और ऑफ़ ब्रेक गेंदबाज है। विहारी भारतीय अंडर-19 क्रिकेट टीम के लिए भी खेल चुके है थे जब भारत ने ऑस्ट्रेलिया में 2012 का आईसीसी अंडर-19 क्रिकेट विश्व कप का खिताब जीता था।[2] विहारी ने 2013 में इंडियन प्रीमियर लीग के छठे संस्करण में सनराइजर्स हैदराबाद के लिए खेला था। हैदराबाद में खेले गए रॉयल चैलेंजर्स बैंगलोर के खिलाफ लीग मैचों में से एक में, इन्होंने ऑफ स्पिनर के रूप में गेंदबाजी करते हुए क्रिस गेल को सिर्फ 1 रन पर आउट किया। [3] हनुमा विहारी का जन्म 13 अक्टूबर 1993 में काकीनाडा में एक देशस्थ ऋवेदी ब्राह्मण परिवार में हुआ था. वे परिवार माधवाचार्य के अनुयायी हैं। "
37,हज़रतुल्ला ज़ज़ाई,"हज़रतुल्ला ज़ज़ाई (पश्तो: حضرت الله ځاځی) (जन्म २३ मार्च १९९८) एक अफगान क्रिकेटर है। उन्होंने १६ दिसंबर २०१६ को संयुक्त अरब अमीरात के खिलाफ अपने ट्वेन्टी-२० अंतर्राष्ट्रीय करियर की शुरुआत की थी।[1] उन्होंने १० अगस्त २०१७ को २०१७ गाज़ी अमानुल्ला खान क्षेत्रीय वनडे टूर्नामेंट में एमो रीजन की और से खेलते हुए अपने लिस्ट ए क्रिकेट की शुरुआत की।[2]  जबकि प्रथम श्रेणी क्रिकेट की शुरुआत २०१७-१८ अहमद शाह अब्दली ४ दिवसीय टूर्नामेंट में २० अक्टूबर २०१७ को बैंड-ए-अमीर रीजन की ओर से खेलते हुए की थी।[3] अगस्त २०१८ में, आयरलैंड के खिलाफ, उन्होंने २२ गेंदों में अर्धशतक बनाया जो अफगानिस्तान क्रिकेट टीम की ओर से सबसे तेज अर्धशतक है।[4] जबकि उन्होंने २७ अगस्त २०१८ को आयरलैंड के खिलाफ अफगानिस्तान के लिए वनडे करियर में पदार्पण किया।[5] "
38,हंगरी क्रिकेट टीम,"हंगरी राष्ट्रीय क्रिकेट टीम एक नई टीम है जो अंतरराष्ट्रीय क्रिकेट में हंगरी देश का प्रतिनिधित्व करती है। जून 2012 में, कुआलालंपुर में वार्षिक सम्मेलन में हंगरी को अंतर्राष्ट्रीय क्रिकेट परिषद (आईसीसी) से संबद्ध सदस्य का दर्जा दिया गया था।[5] 2017 में, वे एक सहयोगी सदस्य बने।[1] सितंबर 2007 में स्लोवेनिया में खेले गए पहले मैत्रीपूर्ण मैच। पहला आधिकारिक मैच अगस्त 2008 में बुल्गारिया के खिलाफ प्राग में खेला गया। अप्रैल 2018 में, आईसीसी ने अपने सभी सदस्यों को पूर्ण ट्वेंटी 20 अंतर्राष्ट्रीय (टी20आई) का दर्जा देने का निर्णय लिया। इसलिए, 1 जनवरी 2019 के बाद हंगरी और अन्य आईसीसी सदस्यों के बीच खेले जाने वाले सभी ट्वेंटी20 मैच पूर्ण टी20आई होंगे।[6] "
39,स्मृति मंधाना,"स्मृति मंधाना एक भारतीय महिला क्रिकेट खिलाड़ी हैं, जो भारतीय महिला क्रिकेट टीम के लिए खेलती हैं। [1]स्मृति मुख्य रूप से बाएँ हाथ से बल्लेबाजी करती हैं जिन्होंने २०१७ के महिला [2]क्रिकेट विश्व कप में दो शतक भी लगाये थे। इनका जन्म मुंबई, महाराष्ट्र में १८ जुलाई १९९६ को हुआ था।[3] साल 2021 में  स्मृति मंधाना ने दूसरी बार जीता ICC का बेस्ट क्रिकेटर खिताब | आईसीसी ने उन्हें 2021 का तीनों फॉर्मेट में बेस्ट वुमेन्स क्रिकेटर चुना है [4]| स्मृति मंधाना का जन्म 17 जुलाई 1996 मुंबई को स्मिथ और श्रीनिवास मंधाना के घर हुआ था। जब वह २ साल की थीं तो उनका परिवार महाराष्ट्र के सांगली में स्थानांतरित हो गया था जहाँ उन्होंने अपनी स्कूल शिक्षा पूरी की। वह क्रिकेटर बनने के लिए अपने भाई से प्रेरित थी जब उन्होंने महाराष्ट्र अंडर 16 खेले थे। 9 वर्ष की आयु में वह महाराष्ट्र अंडर 15 की टीम में चुनी गयी थीं। 11 वर्ष की आयु में उन्हें महाराष्ट्र अंडर 19 की टीम के लिए चुना गया। मंधाना की पहली सफलता उन्हें तब मिली जब वह अक्टूबर २०१३ में हुई जब वह एकदिवसीय मैच में डबल शतक हासिल करने वाली पहली भारतीय महिला बनीं। गुजरात के खिलाफ महाराष्ट्र के लिए खेलते हुए, उन्होंने वडोदरा में अल्मबिक क्रिकेट ग्राउंड पर वेस्ट जोन अंडर १९ टूर्नामेंट में १५० गेंदों पर नाबाद २२४ रन बनाए। २०१६ महिला चैलेंजर ट्रॉफी में, मंधाना ने भारत रेड के लिए कई खेल में तीन अर्धशतकों की मदद से, और अपनी टीम को भारत ब्लू के खिलाफ फाइनल में ८२ गेंदों पर नाबाद ६२ रन बनाकर ट्राफी जीत ली। "
40,स्मित पटेल,"स्मित कमलेशभाई पटेल (जन्म 16 मई 1993, अहमदाबाद, गुजरात) एक ऐसे क्रिकेटर हैं[1] जो एक विकेटकीपर के रूप में खेलते हैं, जिन्होंने 2012 में भारत की अंडर-19 क्रिकेट टीम विश्व कप विजेता टीम का प्रतिनिधित्व किया और गुजरात के लिए लिस्ट ए में भी जगह बनाई। उन्होंने 62 रनों की नाबाद पारी खेली और टोनी आयरलैंड स्टेडियम में भारत को अंडर-19 विश्व कप की शान दिलाने में मदद की। पटेल और उन्मुक्त चंद ने पांचवें विकेट के लिए 130 रनों की अटूट साझेदारी की जिसके बाद भारत ने 1 विकेट के लिए 75 रन बनाकर 4 विकेट पर 97 रन बनाए।[2] दिसंबर 2012 में, पटेल ने वलसाड के सरदार वल्लभभाई पटेल स्टेडियम में हैदराबाद के खिलाफ एक मजबूत गुजरात बल्लेबाजी प्रदर्शन का नेतृत्व करने के लिए अपने पांचवें खेल में अपना पहला प्रथम श्रेणी शतक बनाया। [3] "
41,स्पीन घर टाइगर्स,"स्पीन घर टाइगर्स (पश्तो: سپين غر زمريان Spīn Ghar Zmaryān) या स्पीन घर क्षेत्र अफगानिस्तान में छह प्रथम श्रेणी क्रिकेट टीमों में से एक है। यह क्षेत्र अफगानिस्तान के पूर्व में राजधानी प्रांत काबुल: नंगारहर, लागमान, कुनार और नूरिस्तान के पूर्व में निम्नलिखित प्रांतों का प्रतिनिधित्व करता है। इस क्षेत्र का नाम स्पिन घर के नाम पर रखा गया है, जो इस क्षेत्र में पर्वत श्रृंखला है। स्पीन घर क्षेत्र अहमद शाह अब्दली 4 दिवसीय टूर्नामेंट में प्रतिस्पर्धा करता है, जिसकी 2017 के बाद से प्रथम श्रेणी की स्थिति थी।[1] अक्टूबर 2017 में, उन्होंने एक पारी और 46 रनों से, एमो क्षेत्र के खिलाफ टूर्नामेंट का अपना पहला मैच जीता।[2] वे स्पीन घर टाइगर्स नाम का उपयोग करते हुए अफगान शापेजा क्रिकेट लीग ट्वेंटी-20 प्रतियोगिता (जिसमें 2017 से ट्वेंटी-20 स्थिति होगी) में भी प्रतिस्पर्धा करते हैं। वे गाज़ी अमानुल्ला खान क्षेत्रीय वनडे टूर्नामेंट में भी खेलते हैं, जिसे 2017 से लिस्ट ए स्टेटस दिया गया था।[3] "
42,स्पिन गेंदबाजी,"स्पिन गेंदबाजी क्रिकेट के खेल में गेंदबाजी के लिए प्रयोग की जाने वाली एक तकनीक है। इस तकनीक के माहिरों को स्पिन गेंदबाज या स्पिनर कहा जाता है। स्पिन गेंदबाजी का मुख्य उद्देश्य गेंद को तेज़ घुमाव (रोटेशन) के साथ फेंकना होता है, ताकि पिच पर टप्पा खाने के बाद गेंद दिशा परिवर्तन करे और बल्लेबाज को उसे खेलने में कठिनाई हो। [1] इस विधा में गेंद की गति महत्वपूर्ण नहीं है, तथा तेज़ गेंदबाजी के मुकाबले में यह काफी कम होती है। आम तौर पर स्पिन गेंद की गति 70- 90 कि॰मी॰ प्र. घ.(45 -55 मील प्र. घ.) रहती है। गेंदबाज के हाथ के इस्तेमाल को देखते हुए स्पिन गेंदबाजी को चार अलग अलग श्रेणियों में बांटा गया है। हालाँकि अंगुली और कलाई के इस्तेमाल वाली दो मूल बायोमेकेनिकल विधाओं में कोई भी समानता नहीं है। "
43,स्टैनफोर्ड 20/20,"स्टैनफोर्ड 20/20 कैरिबियाई द्वीप एंटीगुआ में एक अल्पकालिक क्रिकेट टूर्नामेंट था। यह पहली बार जुलाई और अगस्त 2006 में वेस्ट इंडीज में स्टैनफोर्ड क्रिकेट ग्राउंड, सेंट जॉन्स, एंटीगुआ और बारबुडा में आयोजित किया गया था, और फिर 2008 में उसी स्थान पर फिर से आयोजित किया गया था। यह लोकप्रिय ट्वेंटी 20 प्रारूप की एक किस्म थी, जिसे पहली बार 2003 में अंग्रेजी क्रिकेट में पेश किया गया था। टूर्नामेंट स्टैनफोर्ड सुपर सीरीज़ से अलग था, जो 2008 के अंत में आयोजित किया गया था। टूर्नामेंट निजी तौर पर तैयार किया गया था और अमीर अमेरिकी व्यवसायी एलन स्टैनफोर्ड द्वारा वित्त पोषित किया गया था, जिन्होंने एंटीगुआन दोहरी राष्ट्रीयता का आयोजन किया था।[1] यह आरोप लगाया गया है कि स्टैनफोर्ड का टूर्नामेंट का निर्माण कपटपूर्ण व्यावसायिक योजनाओं से उनकी आय को कम करने का एक तरीका था, जिसके लिए वह अब यूएसए में लंबी दंड सजा काट रहे हैं। 19 टीमों ने उद्घाटन नॉक-आउट टूर्नामेंट में भाग लिया और 20 टीमों ने दूसरे टूर्नामेंट में भाग लिया (हालांकि 21 टीमों को मूल रूप से भाग लेना था)। 2008 सीज़न डब्ल्यूआईसीबी के आधिकारिक कैलेंडर का हिस्सा था।[2] "
44,स्टैण्डर्ड बैंक अंतरराष्ट्रीय एक दिन शृंखला 1996-97,"1996-97 सीजन के लिए दक्षिण अफ्रीका में एकदिवसीय अंतर्राष्ट्रीय क्रिकेट टूर्नामेंट का नाम मानक बैंक इंटरनेशनल सीरीज़ था। यह दक्षिण अफ्रीका, भारत और जिम्बाब्वे के बीच एक त्रि-राष्ट्र श्रृंखला थी। दक्षिण अफ्रीका ने छह सीधे जीत के साथ फाइनल में एक स्लॉट बुक किया। दूसरे फाइनल के लिए स्लॉट भारत और ज़िम्बाब्वे के बीच अंतिम लीग मैच में तय होने वाले तार के लिए उतर आया। भारत को जिम्बाब्वे को अपने अंक के बराबर के बराबर स्कोर करना पड़ा। उन्हें नेट रन रेट के आधार पर फाइनल में एक स्लॉट सुनिश्चित करने के लिए 40.5 ओवरों में जिम्बाब्वे द्वारा निर्धारित लक्ष्य का पीछा करने की भी आवश्यकता थी। भारत ने 40 ओवरों में लक्ष्य का पीछा करने में कामयाब रहे, जिससे फाइनल में पहुंचे। दक्षिण अफ्रीका ने फाइनल में भारत को हराकर ट्राफी को जीता। दक्षिण अफ्रीका ने अपने सभी छह राउंड-रोबिन मैच जीते। भारत और जिम्बाब्वे ने प्रत्येक पर एक जीत का दावा किया। दोनों टीमों के बीच तीसरा मैच एक टाई में समाप्त हुआ। दक्षिण अफ्रीका के खिलाफ फाइनल के लिए अर्धशतक लगाने के लिए भारत ने प्रत्येक तीन अंकों के साथ छलांग लगाई थी, जो कि रन-रेट पर बेहतर था। "
45,स्टेफ़न बार्ड,"स्टीफ़न जूलियन बार्ड (जन्म 29 अप्रैल 1992) एक नामीबियाई क्रिकेटर हैं।[1] नवंबर 2016 में, उन्होंने क्रिकेट नामीबिया के वार्षिक पुरस्कार समारोह में प्लेयर ऑफ़ द इयर का पुरस्कार जीता।[2] जनवरी 2018 में, उन्हें नामीबिया की टीम में आईसीसी विश्व क्रिकेट लीग डिवीजन दो 2018 टूर्नामेंट के लिए नामित किया गया था।[3] अगस्त 2018 में, उन्हें नामीबिया के दस्ते में अफ्रीका टी-20 कप 2018 के लिए नामित किया गया था।[4] मार्च 2019 में, उन्हें आईसीसी विश्व क्रिकेट लीग डिवीजन दो 2019 टूर्नामेंट के लिए नामीबिया की टीम में रखा गया था।[5] उन्हें टूर्नामेंट के दौरान देखने वाले छह खिलाड़ियों में से एक के रूप में नामित किया गया था।[6] नामीबिया टूर्नामेंट में शीर्ष चार स्थानों में समाप्त हो गया, इसलिए एक दिवसीय अंतर्राष्ट्रीय (वनडे) दर्जा प्राप्त किया।[7] बार्ड ने 27 अप्रैल 2019 को टूर्नामेंट के फाइनल में, ओमान के खिलाफ, नामीबिया के लिए अपना एकदिवसीय पदार्पण किया।[8] वह टूर्नामेंट में नामीबिया के लिए प्रमुख रन-स्कोरर थे, जिसमें छह मैचों में 264 रन थे।[9] मई 2019 में, युगांडा में 2018-19 आईसीसी टी 20 विश्व कप अफ्रीका क्वालीफायर टूर्नामेंट के क्षेत्रीय फाइनल के लिए नामीबिया के टीम में उन्हें नामित किया गया था।[10][11] उन्होंने 20 मई 2019 को घाना के खिलाफ नामीबिया के लिए ट्वेंटी 20 अंतर्राष्ट्रीय (टी20ई) की शुरुआत की।[12] "
46,स्टुअर्ट क्लार्क,यह ऑस्ट्रेलिया के क्रिकेट खिलाड़ी हैं।   
47,स्टीव स्मिथ,"स्टीव स्मिथ ऑस्ट्रेलियाई क्रिकेट खिलाड़ी हैं।[3][4] यह वर्तमान में ऑस्ट्रेलिया के तीनों प्रारूपों के कप्तान भी थे।[5] 23 दिसंबर 2015 को, 2014-15 सत्र के लिए स्मिथ को आईसीसी क्रिकेटर ऑफ द ईयर और टेस्ट क्रिकेटर ऑफ द ईयर के नाम पर सर गारफील्ड सोबर्स ट्रॉफी से सम्मानित किया गया।[6] 2014 में, मार्टिन क्रो ने जो रूट, केन विलियमसन और विराट कोहली के साथ स्मिथ को टेस्ट क्रिकेट के युवा फैब चार में से एक के रूप में वर्णित किया।[7][8] 2014 ब्रिसबेन टेस्ट मे  पहली बार ऑस्ट्रेलिया के लिए कप्तानी करते हुए उन्होंने शतक लगाया था | इस दौरान वो बतौर कप्तान अपने पहले ही मैच में शतक लगाने वाले सबसे युवा ऑस्ट्रेलियाई क्रिकेटर बन गए थे |[9] "
48,स्टीव रिक्सन,"स्टीव रिक्सन एक पूर्व ऑस्ट्रेलियाई टीम के खिलाड़ी है जो अपने खेल जीवन में मुख्य रूप से विकेट-कीपर के लिए और बल्लेबाजी के लिए जाने जाते थे। इनका जन्म एलबरी, एलबरी, न्यू साउथ वेल्स ,ऑस्ट्रेलिया में २५ फरवरी १९५४ में हुआ था इन्होंने ऑस्ट्रेलिया क्रिकेट टीम के लिए १३ टेस्ट और ०६ वनडे मैच खेले थे। इन्होंने अपने एक दिवसीय अंतर्राष्ट्रीय क्रिकेट की शुरुआत १९७८ को की थी जबकि टेस्ट क्रिकेट की शुरुआत १९७७ में की थी।[1] ऑस्ट्रेलिया के इस दिग्गज खिलाड़ी ने अपने एक दिवसीय अंतर्राष्ट्रीय कैरियर की शुरुआत २२ फरवरी १९७८ को वेस्टइंडीज टीम के खिलाफ की थी और इन्होंने अपना अंतिम वनडे मैच [2]२९ मार्च १९८४ को भारतीय टीम के खिलाफ खेला था। इन्होंने अपने वनडे कैरियर में कुल ४० रन बनाए थे जबकि विकेट कीपिंग करते हुए ९ कैच और २ स्टम्प किये थे। स्टीव रिक्सन ने अपने टेस्ट क्रिकेट की शुरुआत वनडे क्रिकेट से पूर्व २ दिसम्बर १९७७ को भारतीय क्रिकेट टीम के खिलाफ की थी। इन्होंने अपने टेस्ट क्रिकेट कैरियर में कुल १३ मैच खेले थे जिसमें इन्होंने ३६४ रन बनाए थे और अपने विकेट कीपिंग करते हुए ४२ कैच और ४ स्टम्पिंग किये थे। रिक्सन ने अपना अंतिम टेस्ट क्रिकेट मैच ३० दिसम्बर १९८४ को वेस्टइंडीज क्रिकेट टीम के खिलाफ खेला था। "
49,स्टीफन फ्लेमिंग,"एक नेता की उत्कृष्टता, फ्लेमिंग को हाल के समय के सर्वश्रेष्ठ आधुनिक चप्पलों में से एक के रूप में व्यापक रूप से अभिहित किया गया है। सामरिक चचेरे भाई के साथ एक ध्वनि रणनीतिकार, फ्लेमिंग ने एक समूह में खिलाड़ियों के एक छोटे संग्रह का नेतृत्व किया, जो अंतर्राष्ट्रीय क्षेत्र में अपने वजन से ऊपर पंच कर सकते थे। फ्लेमिंग न्यूजीलैंड के इतिहास में सबसे अधिक कैप्ड टेस्ट खिलाड़ी हैं, जिनके बेल्ट के तहत 111 टेस्ट हैं और वह एकमात्र कीवी खिलाड़ी है जिसने टेस्ट क्रिकेट में 7000 से अधिक रन बनाए हैं। फ्लेमिंग ने 1994 में हैमिल्टन में भारत के खिलाफ एक आंख को पकड़ने वाला पदार्पण किया था और पहली बार शतक बनाने से चूक गए थे। वह लगातार बल्लेबाज बने रहे लेकिन अपने अर्द्धशतक को सैकड़ों में बदलने के लिए संघर्ष करते रहे। पहला टेस्ट शतक आखिरकार तब आया जब उन्होंने 1997 में इंग्लैंड के खिलाफ ऑकलैंड में 128 रन बनाए। 1998 फ्लेमिंग के लिए एक शानदार वर्ष साबित हुआ क्योंकि उन्होंने 52 में 474 रन बनाए। मिडिलसेक्स के एक काउंटी स्टेंट ने 2001 में फ्लेमिंग की मदद की और उनका सफल प्रदर्शन 134 का रहा जिसने न्यूजीलैंड को 2003 के प्रारंभिक मैच में दक्षिण अफ्रीका को झटका देने में मदद की। स्वागत। WC के बाद अपने पहले टेस्ट में, फ्लेमिंग ने अप्रैल 2003 में कोलंबो में श्रीलंका के खिलाफ 274 * & 69 * के स्कोर के साथ वापसी की और साल का अंत पाकिस्तान के खिलाफ हैमिल्टन में 192 रन के साथ किया। "
50,स्टीफन दोहेनी,"स्टीफन थॉमस डोहनी (जन्म 20 अगस्त 1998) एक आयरिश क्रिकेटर हैं।[1] उन्होंने 11 अगस्त 2017 को 2017 इंटर-प्रांतीय ट्रॉफी में लेइनस्टर लाइटनिंग के लिए ट्वेंटी 20 की शुरुआत की।[2] अपने टी 20 डेब्यू से पहले, वह 2016 अंडर-19 क्रिकेट विश्व कप के लिए आयरलैंड के टीम का हिस्सा थे।[3] उन्होंने 19 जून 2018 को 2018 के अंतर-प्रांतीय कप में लिनिस्टर लाइटनिंग के लिए अपनी लिस्ट ए की शुरुआत की।[4] उन्होंने 20 जून 2018 को 2018 के अंतर-प्रांतीय चैम्पियनशिप में लेइनस्टर लाइटनिंग के लिए प्रथम श्रेणी में पदार्पण किया।[5] वह 2018 इंटर-प्रांतीय ट्रॉफी टूर्नामेंट में मुंस्टर रेड्स के लिए अग्रणी रन स्कोरर थे, जिसमें छह मैचों में 193 रन थे।[6] जून 2019 में, स्कॉटलैंड ए क्रिकेट टीम के खिलाफ उनकी घरेलू श्रृंखला के लिए उन्हें आयरलैंड वोल्व्स टीम में नामित किया गया था।[7] मार्च 2020 में, भारत में अफगानिस्तान के खिलाफ श्रृंखला के लिए डोहेनी को आयरलैंड के ट्वेंटी 20 अंतर्राष्ट्रीय (टी20ई) टीम में शामिल किया गया।[8] "
51,स्टियान वैन ज़िल,"स्टियान वैन ज़िल (जन्म 19 सितंबर 1987) दक्षिण अफ्रीका के एक क्रिकेटर हैं, जो बाएं हाथ के बल्लेबाज के रूप में ससेक्स काउंटी क्रिकेट क्लब के लिए खेलते हैं, जो दाएं हाथ की मध्यम गति की गेंदबाजी करते हैं।[1] इससे पहले, उन्होंने कोलपाक समझौते पर हस्ताक्षर करके अपने करियर को समाप्त करने से पहले अपने राष्ट्रीय पक्ष का प्रतिनिधित्व किया। उन्होंने केई के खिलाफ एसएए प्रांतीय चुनौती में बोलैंड के लिए अपनी शुरुआत की।[2] वह आमतौर पर सीमित ओवरों के खेल में खुलता था जब ग्रीम स्मिथ या रॉबिन पीटरसन अनुपस्थित थे। उन्होंने 17 दिसंबर 2014 को वेस्ट इंडीज के खिलाफ दक्षिण अफ्रीका के लिए सेंचुरियन के सुपरस्पोर्ट पार्क में शतक जमाकर टेस्ट मैच की शुरुआत की।[3] वह टेस्ट क्रिकेट में पदार्पण पर शतक बनाने वाले 100 वें बल्लेबाज बने।[4] "
52,स्टंप (क्रिकेट),"स्टंप (क्रिकेट) क्रिकेट में, स्टंप तीन ऊर्ध्वाधर पद होते हैं जो घंटी का समर्थन करते हैं और विकेट बनाते हैं। स्टंपिंग या स्टंपिंग एक बल्लेबाज को आउट करने का तरीका है। अंपायर का  कॉलिंग स्टंप्स  का मतलब है कि दिन के लिए खेल खत्म हो चुका है। "
53,स्कॉटलैण्ड महिला क्रिकेट टीम," स्कॉटलैंड की महिला क्रिकेट टीम, उपनाम वाइल्डकैट्स, अंतर्राष्ट्रीय महिला क्रिकेट में स्कॉटलैंड का प्रतिनिधित्व करती है। स्कॉटलैंड में क्रिकेट का संचालन क्रिकेट स्कॉटलैंड द्वारा किया जाता है, जो अंतर्राष्ट्रीय क्रिकेट परिषद (आईसीसी) का एक एसोसिएट सदस्य है। स्कॉटलैंड पहले अंतरराष्ट्रीय महिला क्रिकेट मैच में शामिल था, जब वे अगस्त 1932 में इंग्लैंड के खिलाफ खेले थे। "
54,स्कॉटलैंड महिला क्रिकेट टीम का आयरलैंड दौरा 2021,"आयरलैंड महिला क्रिकेट टीम ने मई 2021 में स्कॉटलैंड महिला क्रिकेट टीम के खिलाफ खेली थी।[1][2] इस दौरे में चार महिला ट्वेंटी 20 अंतर्राष्ट्रीय (मटी20आई) मैच शामिल थे।[3] टीमों ने आखिरी बार अगस्त और सितंबर 2019 में 2019 आईसीसी महिला विश्व ट्वेंटी 20 क्वालीफ़ायर के दौरान अंतर्राष्ट्रीय क्रिकेट खेला था।[4] मैच  स्टॉर्मॉन्ट के बेलफास्ट में खेले गए थे,[5] और 1997 के बाद पहली बार था जब महिला अंतर्राष्ट्रीय क्रिकेट इस मैदान पर खेला गया।[6] श्रृंखला मूल रूप से 23 मई 2021 को शुरू होने वाली थी।[7] हालांकि, बारिश के कारण उद्घाटन मैच स्थगित कर दिया गया था[8] और इस मैच को रिजर्व डे पर खेला गया था।[9] स्कॉटलैंड ने पहला मैच ग्यारह रनों से जीतकर श्रृंखला में 1-0 की बढ़त बना ली।[10] इसके बाद आयरलैंड ने अगले दो मैच क्रमश: 61 रन और 41 रन से जीते।[11][12] आयरलैंड ने अंतिम मैच छह विकेट से जीतकर श्रृंखला 3-1 से जीत ली।[13][14] "
55,स्कॉट मैककेनी,"स्कॉट मैककेनी (जन्म 6 अगस्त 1991) एक अंग्रेजी में पैदा हुए क्रिकेटर हैं।[1] उन्होंने 6 दिसंबर 2017 को 201517 आईसीसी वर्ल्ड क्रिकेट लीग चैम्पियनशिप में पापुआ न्यू गिनी के खिलाफ हांगकांग के लिए अपना एक दिवसीय अंतर्राष्ट्रीय (वनडे) पदार्पण किया।[2] अगस्त 2018 में, उन्हें 2018 एशिया कप क्वालीफायर टूर्नामेंट के लिए हांगकांग के टीम में नामित किया गया था।[3] हांगकांग ने क्वालीफायर टूर्नामेंट जीता, और 2018 एशिया कप के लिए उसे हांगकांग के दस्ते में नामित किया गया।[4] अप्रैल 2019 में, उन्हें नामीबिया में 2019 आईसीसी विश्व क्रिकेट लीग डिवीजन टू टूर्नामेंट के लिए हांगकांग के टीम में नामित किया गया था।[5] सितंबर 2019 में, उन्हें 2019–20 ओमान पेंटांगुलर सीरीज के लिए हांगकांग के ट्वेंटी 20 अंतर्राष्ट्रीय (टी20ई) टीम में, और संयुक्त अरब अमीरात में 2019 आईसीसी टी 20 विश्व कप क्वालीफायर टूर्नामेंट में नामित किया गया था।[6] उन्होंने 5 अक्टूबर 2019 को, ओमान के खिलाफ, हांगकांग के लिए अपना टी20ई पदार्पण किया।[7] "
56,स्कॉट बोलैंड,"स्कॉट बोलैंड (अंग्रेजी :Scott Boland) (जन्म ११ अप्रैल १९८९) ऑस्ट्रेलिया क्रिकेट टीम के एक खिलाड़ी है जो [1] राष्ट्रीय स्तर के अलावा घरेलू स्तर पर विक्टोरिया के लिए खेलते हैं। इन्होंने अपने एक दिवसीय अंतर्राष्ट्रीय क्रिकेट जीवन का प्रारम्भ भारत के विरुद्ध १२ जनवरी [2] २०१६ को किया था ,साथ ट्वेन्टी-ट्वेन्टी का पहला मैच भी भारत के सामने २९ जनवरी २०१६ को खेला था। नोट  "
57,सौराष्ट्र प्रीमियर लीग 2019,"2019 सौराष्ट्र प्रीमियर लीग सीज़न सौराष्ट्र प्रीमियर लीग का उद्घाटन सत्र था, जो 2019 में सौराष्ट्र क्रिकेट एसोसिएशन द्वारा स्थापित किया गया था। सीज़न की शुरुआत 14 मई 2019 को हुई थी, जिसका फाइनल मैच 22 मई 2019 को हुआ था।[1] प्रतियोगिता एक राउंड रॉबिन ग्रुप चरण के साथ शुरू हुई, जिसमें 5 टीमों में से प्रत्येक ने हर दूसरी टीम के खिलाफ मैच खेला। इन मैचों के बाद फाइनल हुआ। एक मैच में जो अंतिम गेंद तक गया, सोरठ लायंस ने फाइनल में ज़लावाद रॉयल्स को हराकर खिताब जीता, हिमालया बराड ने मैच के खिलाड़ी का नाम दिया और चेतन सकारिया ने टूर्नामेंट के खिलाड़ी को चुना। चेतन सकारिया विकेट लेने वाले शीर्ष गेंदबाज थे जबकि हिमालया बैराड और शेल्डन जैक्सन टूर्नामेंट में अग्रणी रन स्कोरर थे। सभी मैच एससीए स्टेडियम, राजकोट में खेले गए। "
58,सौरव गांगुली,"सौरव चंडीदास गांगुली (/sʃuːrəv ɡɛnɡuːlj/ ; जन्म ०८ जुलाई १९७२), दादा नाम से ( बंगाली में ""बड़े भाई"") के रूप में जाने जाते हैं), जो पूर्व भारतीय क्रिकेट खिलाड़ी और भारतीय राष्ट्रीय टीम के कप्तान हैं। वर्तमान में, वो क्रिकेट एसोसिएशन ऑफ़ बंगाल के अध्यक्ष के रूप में नियुक्त है साथ ही विजडन इंडिया के साथ संपादकीय बोर्ड के अध्यक्ष भी है। अपने खेल करियर के दौरान, गांगुली ने खुद को दुनिया के अग्रणी बल्लेबाजों में से एक के रूप में दिखाया था और राष्ट्रीय क्रिकेट टीम के सबसे महान कप्तानों में से एक बने थे। यह बाएं हाथ से मध्य क्रम में बल्लेबाजी किया करते थे और एक अच्छे ओपनर बल्लेबाज भी रहे है। सौरव गांगुली इंडियन प्रीमियर लीग की संचालन परिषद के चार सदस्यों में से एक हैं, जो टूर्नामेंट के सभी कार्यों के लिए जिम्मेदारी निभाते हैं। उन्हें जनवरी २०१६ में सुप्रीम कोर्ट द्वारा नियुक्त किया गया था। वह इंडियन प्रीमियर लीग की तकनीकी समिति के भी सदस्य हैं। गांगुली को क्रिकेट की दुनिया में आगे लाने में उनके बड़े भाई स्नेहाशीष ने काफी मदद की थी। उन्हें आधुनिक समय में भारत के सबसे सफल कप्तानों में से एक माना जाता है, और अब तक के सबसे महान वनडे बल्लेबाजों में से एक है। उन्होंने राज्य और स्कूल की टीमों में खेलकर अपने करियर की शुरुआत की थी। सचिन तेंदुलकर के बाद वह एक दिवसीय अंतर्राष्ट्रीय (वनडे) में भारतीय टीम के दूसरे ऐसे खिलाड़ी बने थे जिन्होंने १० हजार से ज्यादा रन बनाये थे। २००२ में, विजडन क्रिकेटर्स अलमैनैक ने उन्हें विव रिचर्ड्स, सचिन तेंदुलकर, ब्रायन लारा, डीन जोन्स और माइकल बेवन के बाद छठे सबसे बड़े वनडे बल्लेबाज का दर्जा दिया। "
59,सौदरी कप 2019,"2019 सौदरी कप का आयोजन सिंगापुर और मलेशिया की महिला राष्ट्रीय टीमों के बीच 28 से 30 अगस्त 2019 तक हुआ था।[1][2] सौदरी कप दोनों पक्षों के बीच एक वार्षिक कार्यक्रम है, जो 2014 में शुरू हुआ था, जिसमें मलेशिया ने पिछले संस्करणों के सभी 2018 में सबसे हाल के संस्करण सहित जीते थे।[3] श्रृंखला में तीन महिला ट्वेंटी-20 अंतर्राष्ट्रीय (मटी20ई) मैच शामिल थे, जो सभी सिंगापुर में इंडियन एसोसिएशन ग्राउंड में खेले जा रहे थे।[1][2] 1 जुलाई 2018 के बाद एसोसिएट सदस्यों की महिलाओं के बीच खेले गए सभी मैचों को टी20ई का दर्जा देने के अंतर्राष्ट्रीय क्रिकेट परिषद के फैसले के बाद मटी20ई का दर्जा पाने का यह दूसरा संस्करण था।[4] "
60,सोहैल तनवीर,"सोहैल तनवीर (अंग्रेज़ी: Sohail Tanvir /उर्दू: سہیل تنویر') (जन्म १२ दिसम्बर १९८४ ,रावलपिंडी ,पंजाब ,पाकिस्तान) एक पाकिस्तानी क्रिकेट खिलाड़ी है जो वनडे ,टेस्ट क्रिकेट और ट्वेन्टी ट्वेन्टी प्रारूप में खेलते है। तनवीर बाएं हाथ के तेज गेंदबाज है जबकि बल्लेबाजी में भी अच्छा काम करते है इसलिए ये हरफनमौला की श्रेणी में आते है।[1] सोहैल तनवीर का जन्म पाकिस्तान के रावलपिंडी ,पंजाब शहर में १२ दिसम्बर १९८४ को हुआ था। "
61,सोरनारिन टिप्पोच,"सोरनारिन टिप्पोच (जन्म 7 जून 1986) एक थाई क्रिकेटर है।[1] उन्होंने फरवरी 2017 में 2017 महिला क्रिकेट विश्व कप क्वालीफायर में थाईलैंड महिला क्रिकेट टीम की कप्तानी की।[2] जून 2018 में, उन्हें 2018 आईसीसी महिला विश्व ट्वेंटी 20 क्वालीफायर टूर्नामेंट के लिए थाईलैंड की कप्तान के रूप में नामित किया गया था।[3] उन्होंने 3 जून 2018 को थाईलैंड में 2018 के महिला ट्वेंटी 20 एशिया कप में महिला ट्वेंटी-20 अंतर्राष्ट्रीय (मटी20ई) की शुरुआत की।[4] फरवरी 2019 में, वह 2019 आईसीसी महिला क्वालीफायर एशिया टूर्नामेंट में संयुक्त रूप से अग्रणी विकेट लेने वाली महिला थी, जिसमें छह मैचों में तेरह आउट थे।[5] अगस्त 2019 में, उन्हें स्कॉटलैंड में 2019 आईसीसी महिला विश्व ट्वेंटी 20 क्वालीफायर टूर्नामेंट के लिए थाईलैंड के टीम के कप्तान के रूप में नामित किया गया था।[6][7] अक्टूबर 2019 में, उन्हें ऑस्ट्रेलिया में पांच मैचों की श्रृंखला से पहले महिला वैश्विक विकास टीम में नामित किया गया था।[8] "
62,सोमपाल कामी,सोमपाल कामी (जन्म:२ फरवरी १९९६) नेपाली क्रिकेट खिलाड़ी हैं।[1] वह दाएँ हाथ बल्लेबाज तथा दाएँ हाथ मध्यम-तिब्र गति के गेंदबाज हैं। सोमपाल कामी सन् २०१३ से नेपाली राष्ट्रीय क्रिकेट टीमकी नियमित सदस्य हैं।  जब उनके पिता काम के सिलसिला में भारतके पंजाब गए तब कामीके बाल्यकाल पंजाब में ही क्रिकेट प्रेम में बिता हैं। कामीने वहाँ विभिन्न क्रिकेट टूर्नामेंट में आपने सहभागिता जनाए थे जिसमें सबसे महत्वपूर्ण उन्होंने इंडियन प्रिमियर कर्पोरेट लीगमें उसके कप्तानी को मानना सकते हैं। उनको नेपाली राष्ट्रीय क्रिकेट टीममें विश्वकप छनौटके लिए समावेश किया। [2] 
63,सोफी मैकमोहन,"सोफी मैकमोहन (जन्म 29 जनवरी 1997) एक आयरिश क्रिकेटर हैं।[1] उन्होंने 15 मई 2017 को 2017 दक्षिण अफ्रीका चतुष्कोणीय श्रृंखला में भारत के खिलाफ महिला एक दिवसीय अंतर्राष्ट्रीय क्रिकेट (मवनडे) की शुरुआत की।[2] वह स्कॉर्चर्स के लिए महिला सुपर सीरीज में खेलती हैं।[3] मई 2019 में, उन्हें वेस्टइंडीज के खिलाफ श्रृंखला के लिए आयरलैंड की महिला ट्वेंटी 20 अंतर्राष्ट्रीय (मटी20आई) टीम में नामित किया गया था।[4][5] उन्होंने 26 मई 2019 को वेस्टइंडीज के खिलाफ आयरलैंड के लिए मटी20आई की शुरुआत की।[6] अगस्त 2019 में, उन्हें स्कॉटलैंड में 2019 आईसीसी महिला विश्व ट्वेंटी 20 क्वालीफायर टूर्नामेंट के लिए आयरलैंड की टीम में नामित किया गया था।[7] जुलाई 2020 में, उन्हें अगले वर्ष के लिए क्रिकेट आयरलैंड द्वारा एक गैर-रिटेनर अनुबंध से सम्मानित किया गया।[8] नवंबर 2021 में, उन्हें जिम्बाब्वे में 2021 महिला क्रिकेट विश्व कप क्वालीफायर टूर्नामेंट के लिए आयरलैंड की टीम में नामित किया गया था।[9] "
64,सैयद मुश्ताक अली ट्रॉफी ग्रुप डी 2019-20,"2019-20 सैयद मुश्ताक अली ट्रॉफी, सैयद मुश्ताक अली ट्रॉफी का ग्यारहवां सीज़न है, जो भारत में एक ट्वेंटी-20 क्रिकेट टूर्नामेंट है।[1] यह ग्रुप 38 में आठ टीमों के साथ, पाँच समूहों में विभाजित 38 टीमों द्वारा लड़ा जा रहा है।[2] ग्रुप चरण 8 नवंबर 2019 को शुरू हुआ।[3] ग्रुप डी से शीर्ष दो टीमों ने प्रतियोगिता के सुपर लीग खंड में प्रगति की।[4] 7 नवंबर को, एक चयन विवाद के बाद, मुंबई ने अपने दो चयनकर्ताओं को बर्खास्त कर दिया और तीन अन्य चयनकर्ताओं से बने ""एडहॉक"" चयन पैनल का गठन किया।[5] मिजोरम क्रिकेट टीम के कप्तान अबरार काजी को कर्नाटक प्रीमियर लीग में मैच फिक्सिंग के आरोप में गिरफ्तार किया गया था।[6] टूर्नामेंट के पहले दिन से तीन वर्षा प्रभावित मैचों को 18 नवंबर 2019 को होने के लिए पुनर्निर्धारित किया गया था।[7] 17 नवंबर 2019 को खेले गए मैचों के समापन के बाद,  मुंबई और  हरियाणा ने टूर्नामेंट के सुपर लीग चरण में प्रगति की।[8] "
65,सैयद मुश्ताक अली ट्रॉफी ग्रुप ए 2019-20,"2019-20 सैयद मुश्ताक अली ट्रॉफी, सैयद मुश्ताक अली ट्रॉफी का ग्यारहवां सीज़न है, जो भारत में एक ट्वेंटी-20 क्रिकेट टूर्नामेंट है।[1] यह ग्रुप ए में सात टीमों के साथ, पांच समूहों में विभाजित 38 टीमों द्वारा लड़ा जा रहा है।[2] ग्रुप चरण 8 नवंबर 2019 को शुरू हुआ।[3] ग्रुप ए की शीर्ष दो टीमों ने प्रतियोगिता के सुपर लीग खंड में प्रगति की।[4] टूर्नामेंट शुरू होने से एक दिन पहले, गोवा ने अपने कप्तान सी एम गौतम को कर्नाटक प्रीमियर लीग में मैच फिक्सिंग में कथित रूप से शामिल होने के कारण गिरफ्तार कर लिया। दर्शन मिशल को अपना नया कप्तान नियुक्त किया गया।[5] टूर्नामेंट के शुरुआती दिन, कर्नाटक ने उत्तराखंड को नौ विकेट से हराया, पंद्रह के साथ भारत में टी-20 मैचों में लगातार जीत का एक नया रिकॉर्ड स्थापित किया।[6] 17 नवंबर 2019 को खेले गए मैचों के समापन के बाद,  बड़ौदा और  कर्नाटक ने टूर्नामेंट के सुपर लीग चरण में प्रगति की।[7] "
66,सैयद किरमानी,"सैयद किरमानी भारत के एक भूतपूर्व क्रिकेट खिलाडी हैं। पदम श्री सैयद मुजतबा हुसैन किरमानी (२९ अक्टूबर १९४९ को मदरास में ज्न्म हुआ था,) एक विकेट कीपर के रूप में भारत और कर्नाटक के लिए क्रिकेट खेला १९७१-१९८२
वह १९७१ और १९७४ में इंग्लैंड के दौरे में फारुख इंजीनियर के लिए और १९७५ क्रिकेट विश्व कप के लिए एक डब के रूप में शुरू किया था। किरमानी ने न्यूजीलैंड के खिलाफ अपनी शुरुआत की और अपने दूसरे टेस्ट में एक पारी में छह पीड़ितों के विश्व रिकार्ड की बराबरी की। उन्होंने कहा कि वह कई अवसरों में विफल रही है और काफी लगातार तीन टेस्ट मैचों में सैकड़ों डाल विवियन रिचर्ड्स योगदान जहां वेस्टइंडीज में एक दयनीय श्रृंखला के साथ इस का पालन किया।
न्यूजीलैंड अगले साल भारत का दौरा किया था तो उन्होंने ६५.३३ के साथ बल्लेबाजी औसत में अव्वल रहा और ऑस्ट्रेलिया के दौरे में 305 रन बनाए थे। उन्होंने कहा कि १९७८-७९ में पाकिस्तान और वेस्ट इंडीज के खिलाफ स्टंप के पीछे एक बहुत अच्छा समय नहीं था।
उन्होंने कहा कि १९७९ के क्रिकेट विश्व कप और इंग्लैंड के खिलाफ बाद में श्रृंखला के लिए भरत रेड्डी के पक्ष में हटा दिया गया था। सुनील गावस्कर ने भी कप्तान के रूप में बर्खास्त कर दिया गया था। किरमानी प्रदर्शन के लिए जाहिरा तौर पर हटा दिया गया था हालांकि, असली कारण वह और गावस्कर दोनों कैरी पैकर की वर्ल्ड सीरीज क्रिकेट के आयोजकों से संपर्क किया गया था कि एक अफवाह है कि वहाँ था।
वापस १९७९-८० में ऑस्ट्रेलिया के खिलाफ श्रृंखला के लिए टीम में, वह मुंबई में एक नाइट वाचमैन के रूप में एक सौ रन बनाए। पांच घंटे में १०१ * की अपनी पारी लगभग बाहर दिन तक चली। वह एक ही सत्र में १७ कैच और पाकिस्तान के खिलाफ दो स्टम्पिंग की थी और यह एक श्रृंखला के लिए हलीना तमहाने के भारतीय रिकॉर्ड की बराबरी की। १९६४ रन बनाए थे जबकि१९८१-८२ में इंग्लैंड के खिलाफ, वह लगातार तीन टेस्ट मैचों में एक भी अलविदा स्वीकार नहीं किया था।[1] "
67,सैयद अजीज,"सैयद अज़ीज़ (जन्म 7 अक्टूबर 1998) एक मलेशियाई क्रिकेटर हैं।[1] उन्होंने 2017 के आईसीसी विश्व क्रिकेट लीग डिवीजन तीन टूर्नामेंट 2017 में मलेशिया के लिए खेला।[2] अप्रैल 2018 में, उन्हें मलेशिया में भी 2018 आईसीसी विश्व क्रिकेट लीग डिवीजन चार टूर्नामेंट के लिए मलेशिया के टीम में नामित किया गया था।[3] अगस्त 2018 में, उन्हें 2018 एशिया कप क्वालीफायर टूर्नामेंट के लिए मलेशिया के टीम में नामित किया गया था।[4][5] अक्टूबर 2018 में, उन्हें 2018-19 आईसीसी वर्ल्ड ट्वेंटी 20 एशिया क्वालीफायर टूर्नामेंट के लिए पूर्वी उप-क्षेत्र समूह में मलेशिया के दस्ते में नामित किया गया था।[6] दिसंबर 2018 में, वह दो मलेशियाई क्रिकेटरों में से एक थे जिन्होंने श्रीलंका में प्रथम श्रेणी क्रिकेट के चार महीने के कार्यकाल के लिए हस्ताक्षर किए थे।[7] उन्होंने 11 फरवरी 2019 को प्रीमियर लीग टूर्नामेंट 2018-19 के टियर बी में श्रीलंका पुलिस स्पोर्ट्स क्लब के लिए प्रथम श्रेणी में पदार्पण किया।[8] "
68,सैमुअल बद्री,"सैमुअल बद्री (जन्म 8 मार्च 1981) एक ट्रिनिडाडियन क्रिकेटर है जो अंतरराष्ट्रीय स्तर पर वेस्टइंडीज के लिए खेलते हैं। वह दाएं हाथ के लेग-स्पिन गेंदबाज हैं। बद्री ने 2002 में त्रिनिदाद और टोबैगो के लिए प्रथम श्रेणी में शुरुआत की, लेकिन खेल के सीमित ओवरों के रूपों पर ध्यान केंद्रित करने के बजाय, केवल उस स्तर पर छिटपुट रूप से खेला। घरेलू स्तर पर अच्छे फॉर्म के बाद, उन्हें न्यूजीलैंड के खिलाफ जून 2012 में वेस्टइंडीज के लिए ट्वेंटी 20 अंतर्राष्ट्रीय में पदार्पण करने के लिए चुना गया था। बद्री ने 2012 और 2014 के विश्व ट्वेंटी 20 संस्करणों में वेस्टइंडीज का प्रतिनिधित्व किया, जो बाद में अग्रणी विकेट लेने वालों में से एक के रूप में समाप्त हुआ। अपने अंतरराष्ट्रीय प्रदर्शन के अलावा, उन्होंने कई घरेलू ट्वेंटी 20 प्रतियोगिताओं में भी खेला है, जिसमें कैरिबियन प्रीमियर लीग, बांग्लादेश प्रीमियर लीग, इंडियन प्रीमियर लीग, पाकिस्तान सुपर लीग और ऑस्ट्रेलिया की बिग बैश लीग शामिल हैं। "
69,सैम कर्रन,"सैम्युल मैथ्यू कर्रन (जन्म ३ जून १९९८) इंग्लैंड क्रिकेट टीम के एक क्रिकेट खिलाड़ी है , जो सरे और इंग्लैंड के लिए खेलते है। कर्रन एक बाएं हाथ से बल्लेबाजी और बाएं हाथ से ही मध्यम-तेज गति से गेंदबाजी करते हैं।[1] कर्रन का जन्म जिम्बाब्वे के पूर्व केविन कर्रन के घर नॉर्थम्प्टन में हुआ था। ये इंग्लैंड के अंतरराष्ट्रीय क्रिकेट खिलाड़ी टॉम कर्रन और बेन कर्रन के भाई हैं। इन्होंने स्प्रिंगवैल हाउस, सेंट जॉर्ज कॉलेज, हरारे और वेलिंगटन कॉलेज, बर्कशायर में पढ़ाई की है। कर्रन अंडर-१५, अंडर-१७, और द्वितीय इलेवन स्तर पर सरे का प्रतिनिधित्व कर चुके है। २०१४ के सत्र के दौरान उन्होंने सरे चैंपियनशिप प्रीमियर डिवीजन में वेब्रिज का प्रतिनिधित्व किया था। पूर्व क्रिकेट क्रिकेट खिलाड़ी एलेक स्टीवर्ट ने उन्हें ""१७ वर्षीय सबसे अच्छे क्रिकेटर"" के रूप में वर्णित किया था। "
70,सेम्युल बेकेट,"सेम्युल बेकेट
नोबेल पुरस्कार साहित्य विजेता, १९६९ सेम्युल बेकेट का जन्म १३ अप्रिल १९०६ डब्लिन आयर्लेन्द में हुआ था। सैमुएल बार्कले बैकेट (१३ अप्रैल १९०६ - २२ दिसंबर १९८९) एक आयरिश उपन्यासकार , नाट्यलेखक , लघु कथाकार , नाट्य निर्देशक , कवी और साहित्यिक अनुवादक थे।  अपना वयस्क जीवन उन्होंने सर्वाधिक पेरिस में ही बिताया।  साथ ही अंग्रेजी और फ्रेंच में सबसे ज़्यादा लिखा। "
71,सेबेस्टियन ब्रैट,"थॉमस सेबेस्टियन ब्राट (जन्म 14 नवंबर 1992) एक डच अंतरराष्ट्रीय क्रिकेटर हैं, जिन्होंने जुलाई 2012 में डच राष्ट्रीय टीम के लिए पदार्पण किया था। वह दाएं हाथ के तेज गेंदबाज हैं। मार्लोस ब्राट के छोटे भाई, जो डच महिला टीम के लिए खेलते थे, ब्राट का जन्म दक्षिण हॉलैंड के व्लार्डिंगन में हुआ था।[1] उन्होंने आईसीसी यूरोप अंडर -19 चैंपियनशिप के 2009 और 2010 संस्करणों में डच अंडर-19 का प्रतिनिधित्व किया, और 2009 अंडर-19 विश्व कप क्वालीफायर में भी।[2] ब्रैट ने जुलाई 2012 में संयुक्त अरब अमीरात (जिसे प्रथम श्रेणी का दर्जा प्राप्त था) के खिलाफ इंटरकांटिनेंटल कप स्थिरता में नीदरलैंड के लिए अपना वरिष्ठ पदार्पण किया। उन्होंने अगले वर्ष आयरलैंड के खिलाफ दूसरा इंटरकांटिनेंटल कप खेल खेला।[3] जुलाई 2019 में, उन्हें संयुक्त अरब अमीरात के खिलाफ ट्वेंटी 20 अंतर्राष्ट्रीय (टी20आई) श्रृंखला के लिए डच टीम में नामित किया गया था।[4] उन्होंने 5 अगस्त 2019 को संयुक्त अरब अमीरात के खिलाफ नीदरलैंड के लिए अपना टी20आई पदार्पण किया।[5] अप्रैल 2020 में, वह डच-आधारित सत्रह क्रिकेटरों में से एक थे जिन्हें टीम के वरिष्ठ दस्ते में नामित किया गया था।[6] "
72,सेंट्रल यूरोप कप,"सेंट्रल यूरोप कप एक अंतरराष्ट्रीय क्रिकेट टूर्नामेंट है जो हर साल प्राग, चेक गणराज्य में मध्य यूरोप से आमंत्रित टीमों के बीच खेला जाता है। चेक क्रिकेट यूनियन द्वारा आयोजित, और विनोस क्रिकेट ग्राउंड में खेला गया, टूर्नामेंट पहली बार 2014 में 50 ओवर के टूर्नामेंट के रूप में आयोजित किया गया था और इस प्रारूप को 2019 में ट्वेंटी 20 में बदलने तक बनाए रखा।[1][2] 2021 तक, पोलैंड ने सबसे अधिक मौकों (तीन बार) पर टूर्नामेंट जीता है। पोलैंड ने 2014 में उद्घाटन समारोह जीता, दोनों टीमों के अंकों के आधार पर टूर्नामेंट के स्तर को समाप्त करने के बाद अपने सिर से सिर के रिकॉर्ड के आधार पर स्विट्जरलैंड से आगे निकल गया।[3] पोलैंड ने 2015 में खिताब बरकरार रखा।[4] 2016 के टूर्नामेंट में केवल तीन टीमें थीं, जिनमें पोलैंड की विशेषता नहीं थी, और पहली बार मेजबानों द्वारा जीता गया था।[5] पोलैंड ने 2017 में वापसी की और तीसरी बार टूर्नामेंट जीता।[6] स्विट्जरलैंड ने 2018 में अपने तीनों मैच जीतकर खिताब अपने नाम किया था।[7] चेक ने फाइनल में हंगरी को हराकर 2019 संस्करण जीता।[8][9] 2020 संस्करण सितंबर में होने वाला था और यह आधिकारिक ट्वेंटी 20 अंतर्राष्ट्रीय (टी20आई) का दर्जा पाने वाला पहला होगा क्योंकि अंतर्राष्ट्रीय क्रिकेट परिषद ने जनवरी 2019 से अपने सदस्यों के बीच खेले जाने वाले सभी योग्य मैचों को यह दर्जा दिया है।[10][11] 2020 के संस्करण में पिछले संस्करणों की तुलना में अधिक टीमें शामिल होंगी, जिसमें छह राष्ट्रीय टीमें भाग ले रही हैं - ऑस्ट्रिया, बेल्जियम, हंगरी, लक्जमबर्ग, माल्टा और मेजबान चेक गणराज्य।[1] हालांकि, इस क्षेत्र में कोविड-19 महामारी के बिगड़ने के कारण 14 सितंबर 2020 को टूर्नामेंट रद्द कर दिया गया था।[12][13] "
73,सेंट हेलेन का रग्बी और क्रिकेट ग्राउंड,"सेंट हेलेन की रग्बी और क्रिकेट ग्राउंड, स्वानसी, वेल्स में एक खेल स्थल है, जो सिटी और काउंटी ऑफ़ स्वानसी काउंसिल के स्वामित्व और संचालित है। मुख्य रूप से रग्बी यूनियन और क्रिकेट के लिए उपयोग किया जाता है, यह 1873 में खुलने के बाद से स्वानसी आरएफसी और स्वानसी क्रिकेट क्लब का घरेलू मैदान रहा है। रग्बी यूनियन में, सेंट हेलेन 1882 में वेल्स राष्ट्रीय टीम के पहले घरेलू मैच के लिए स्थान था। यह नियमित रूप से वेल्स द्वारा उपयोग किया जाता रहा, अक्सर पांच देशों की चैम्पियनशिप के लिए, 1954 तक, लेकिन 1997 के बाद से केवल एक पूर्ण अंतर्राष्ट्रीय मंचन किया। हाल ही में, ग्राउंड का उपयोग वेल्स महिला टीम द्वारा किया गया है। ग्लैमरगन काउंटी क्रिकेट क्लब ने नियमित रूप से 1921 से सेंट हेलेन को एक आउटग्राउंड के रूप में इस्तेमाल किया है। ग्राउंड ने 1973 में न्यूजीलैंड के खिलाफ इंग्लैंड और पाकिस्तान और श्रीलंका के बीच 1983 के विश्व कप मैच में दो एक दिवसीय अंतर्राष्ट्रीय मैचों का मंचन किया है। सेंट हेलेन, प्रथम श्रेणी क्रिकेट में एक ही ओवर में सर गारफील्ड सोबर्स के छह छक्कों का स्थान था, एक ही ओवर में अधिकतम संभव रन, और पहली बार ऐसा किया गया था। "
74,सेक्टर 16 स्टेडियम,"सेक्टर 16 स्टेडियम चंडीगढ़, पंजाब, भारत में एक क्रिकेट स्टेडियम है। इसने जनवरी 1985 में अपना पहला एकदिवसीय मैच और 1990 में एकमात्र टेस्ट मैच की मेजबानी की। इसने केवल चार मैचों की मेजबानी की है। कपिल देव, चेतन शर्मा और योगराज सिंह की पसंद ने सेक्टर 16 स्टेडियम में क्रिकेट खेलना शुरू किया। यह निकटवर्ती पंजाब क्रिकेट एसोसिएशन स्टेडियम, (मोहाली) क्रिकेट ग्राउंड के लिए गिर गया। "
75,सूर्यप्रकाश चतुर्वेदी,"सूर्यप्रकाश चतुर्वेदी (जन्म-7 नवम्बर, 1937 ई॰) एक क्रिकेट समीक्षक, लेखक और इतिहासकार हैं। वे हिन्दी में क्रिकेट पर लिखने वालों में अग्रगण्य लेखक हैं। सूर्यप्रकाश चतुर्वेदी का जन्म 7 नवम्बर, 1937 ई॰ को इंदौर (मध्य प्रदेश) में हुआ। वे इंदौर के गवर्नमेंट आर्ट्स एंड कॉमर्स कॉलेज में अंग्रेजी के प्रोफेसर थे। वहाँ उन्होंने पैंतीस साल तक पढ़ाया। उन्होंने कॉलेजियम स्तर पर क्रिकेट खेला, इंदौर विश्वविद्यालय और क्रिश्चियन कॉलेज, इंदौर में मध्य क्रम के बल्लेबाज के रूप में प्रतिनिधित्व किया। उन्होंने इंदौर संभागीय क्रिकेट एसोसिएशन के लिए आठ साल तक मानद सचिव तथा ISPORA (इंदौर स्पोर्ट्स राइटर्स एसोसिएशन) के अध्यक्ष के रूप में पाँच साल तक काम किया। वे आकाशवाणी और दूरदर्शन पर एवं यू॰जी॰सी॰ के कार्यक्रमों में उद्घोषणा[1] के अतिरिक्त क्रिकेट का विश्लेषण भी करते रहे हैं।[2] पेशे से प्राध्यापक होने के बावजूद क्रिकेट के प्रति अपनी विशिष्ट अभिरुचि के कारण प्रो॰ सूर्यप्रकाश चतुर्वेदी विगत लगभग चार दशकों से देश के विभिन्न पत्र-पत्रिकाओं में क्रिकेट पर हिन्दी में प्रामाणिक तौर पर लिखते रहे हैं।[2] आरम्भ में खेल-रिपोर्टों के बाद उन्होंने धर्मयुग, साप्ताहिक हिंदुस्तान, रविवार (पत्रिका) जैसी प्रसिद्ध पत्रिकाओं के लिए और जनसत्ता, नवभारत टाइम्स और दैनिक भास्कर जैसे अखबारों के लिए भी लिखा। उन्होंने विजय हजारे की पुस्तक 'मैं और मेरे समकालीन' के हिन्दी अनुवाद के साथ शुरुआत की। प्रो॰ चतुर्वेदी के लेखन से पूर्व क्रिकेट जैसे लोकप्रिय खेल के इतिहास और विकास पर हिन्दी में कोई पुस्तक उपलब्ध नहीं थी।[3] उन्होंने इस लोकप्रिय खेल से सम्बद्ध इतिहासनुमा पुस्तकों के अतिरिक्त विभिन्न खिलाड़ियों एवं अंपायरों के जीवन एवं उपलब्धियों पर केंद्रित पुस्तकें भी लिखी हैं। "
76,सूरज कुमार,"सूरज कुमार (जन्म 29 नवंबर 1988) एक ओमानी क्रिकेटर हैं।[1] अक्टूबर 2018 में, उन्हें ओमान में 2018 आईसीसी विश्व क्रिकेट लीग डिवीजन तीन टूर्नामेंट के लिए ओमान के दस्ते में नामित किया गया था।[2] उन्होंने 9 नवंबर 2018 को केन्या के खिलाफ, ओमान के टूर्नामेंट के उद्घाटन में खेला।[3] दिसंबर 2018 में, उन्हें ओमान की टीम में 2018 एसीसी इमर्जिंग टीम्स एशिया कप के लिए नामित किया गया था।[4] मार्च 2019 में, उन्हें नामीबिया में 2019 आईसीसी विश्व क्रिकेट लीग डिवीजन टू टूर्नामेंट के लिए ओमान की टीम में नामित किया गया था।[5] उन्होंने 20 अप्रैल 2019 को आईसीसी वर्ल्ड क्रिकेट लीग डिवीजन टू टूर्नामेंट 2019 में संयुक्त राज्य अमेरिका के खिलाफ ओमान के लिए अपनी लिस्ट ए की शुरुआत की।[6] ओमान टूर्नामेंट में शीर्ष चार स्थानों में समाप्त हो गया, इसलिए वनडे इंटरनेशनल (वनडे) का दर्जा प्राप्त किया।[7] कुमार ने टूर्नामेंट के फाइनल में, नामीबिया के खिलाफ, 27 अप्रैल 2019 को ओमान के लिए अपना वनडे डेब्यू किया।[8] सितंबर 2019 में, उन्हें ओमान के दस्तों में 2019-20 ओमान पेंटांगुलर सीरीज और 2019 आईसीसी टी 20 विश्व कप क्वालीफायर टूर्नामेंट के लिए नामित किया गया था।[9] उन्होंने 5 अक्टूबर 2019 को हांगकांग के खिलाफ, ओमान के लिए अपना ट्वेंटी 20 अंतर्राष्ट्रीय (टी20ई) पदार्पण किया।[10] नवंबर 2019 में, उन्हें बांग्लादेश में 2019 एसीसी इमर्जिंग टीमों एशिया कप के लिए ओमान के दस्ते में नामित किया गया था।[11] "
77,सुश्री दीब्यादार्शिनी, सुश्री दिव्यदर्शिनी प्रधान (जन्म: 8 अक्तूबर 1997) भारतीय क्रिकेट खिलाड़ी हैं। अंडर-23 वूमन चैलेंजर ट्रॉफ़ी में इंडिया ग्रीन की कप्तानी करते हुए वो अपनी टीम को फ़ाइनल तक ले गई थीं।[1] दाएं हाथ से ऑफ़ स्पिन गेंद फेंकने में माहिर दिव्यदर्शिनी प्रधान की बल्ले पर भी अच्छी पकड़ है।[2] यूएई में आयोजित वीमेन टी20 चैलेंज में वेलॉसिटी क्रिकेट फ्रेंचाइजी टीम में खेलने के लिए उनका चयन किया गया था। भारत के घरेलू क्रिकेट प्रतियोगिताओं में वे ओडिशा की अंडर-23 वीमेन टीम की कप्तान भी रह चुकी हैं। एसीसी वीमेन इमर्जिंग टीम्स एशिया कप 2019 में उन्होंने भारत का प्रतिनिधित्व किया और इस टूर्नामेंट में सर्वाधिक विकेट लेने वाली भारतीय खिलाड़ी बनीं।[3] 
78,सुशान भरी,"सुशान भरी (जन्म 6 मार्च 1995) एक नेपाली क्रिकेटर हैं।[1] उन्होंने 13 अक्टूबर 2017 को आईसीसी विश्व क्रिकेट लीग चैम्पियनशिप 2015-17 में हांगकांग के खिलाफ नेपाल के लिए अपनी लिस्ट ए की शुरुआत की।[2] सितंबर 2019 में, सिंगापुर और ओमान के दौरे के लिए उन्हें नेपाल के ट्वेंटी 20 अंतर्राष्ट्रीय (टी20ई) दस्तों में नामित किया गया था।[3] उन्होंने 28 सितंबर, 2019 को सिंगापुर ट्राई-नेशन सीरीज़ में, सिंगापुर के खिलाफ, नेपाल के लिए टी20ई की शुरुआत की।[4] नवंबर 2019 में, उन्हें बांग्लादेश में 2019 एसीसी इमर्जिंग टीम एशिया कप के लिए नेपाल के टीम में नामित किया गया था।[5] उसी महीने बाद में, उन्हें 2019 दक्षिण एशियाई खेलों में पुरुषों के क्रिकेट टूर्नामेंट के लिए नेपाल के टीम में भी नामित किया गया था।[6] तीसरे स्थान के प्लेऑफ मैच में मालदीव को पांच विकेट से हराकर नेपाल की टीम ने कांस्य पदक जीता।[7] जनवरी 2020 में, उन्हें नेपाल नेपाल एक दिवसीय अंतरराष्ट्रीय (वनडे) टीम में 2020 नेपाल त्रिकोणीय राष्ट्र श्रृंखला के लिए नामित किया गया था।[8] उन्होंने 5 फरवरी 2020 को, ओमान के खिलाफ, नेपाल के लिए अपने वनडे की शुरुआत की।[9] "
79,सुलेपॉर्न लाओमी,"सुलेपॉर्न लाओमी (जन्म 22 जनवरी 1998) एक थाई क्रिकेटर है।[1] वह 2017 महिला क्रिकेट विश्व कप क्वालीफायर में थाईलैंड महिला राष्ट्रीय क्रिकेट टीम के लिए फरवरी 2017 में खेली।[2] टूर्नामेंट में, वह 4 विकेट के साथ थाईलैंड के लिए सबसे अधिक विकेट लेने वाली गेंदबाज थीं।[3] जून 2018 में, उसे 2018 आईसीसी महिला विश्व ट्वेंटी 20 क्वालीफायर टूर्नामेंट के लिए थाईलैंड की टीम में नामित किया गया था।[4] उन्होंने 3 जून 2018 को थाईलैंड में 2018 के महिला ट्वेंटी 20 एशिया कप में महिला ट्वेंटी-20 अंतर्राष्ट्रीय (मटी20ई) की शुरुआत की।[5] अगस्त 2019 में, उन्हें स्कॉटलैंड में 2019 आईसीसी महिला विश्व ट्वेंटी 20 क्वालीफायर टूर्नामेंट के लिए थाईलैंड की टीम में नामित किया गया था।[6] अक्टूबर 2019 में, उन्हें ऑस्ट्रेलिया में पांच मैचों की श्रृंखला से पहले महिला वैश्विक विकास टीम में नामित किया गया था।[7] "
80,सुलक्षणा नाईक,"सुलक्षणा मधुकर (अंग्रेज़ी: Sulakshana Madhukar Naik) (जन्म ;१० नवम्बर १९७८ ,मुम्बई) एक भारतीय महिला क्रिकेट खिलाड़ी है। इन्होंने भारतीय टीम के लिए अभी तक ३१ वनडे मैच और छः ट्वेन्टी-ट्वेन्टी मैच खेले है।[1][2] साँचा:२००९ महिला क्रिकेट विश्व कप में भारतीय खिलाड़ी संध्या अग्रवाल  ·  रुना बासु  ·  प्रमिला भट्ट  ·  श्रीरूपा बोस  ·  सांद्रा ब्रगांजा  ·  शर्मिला चक्रवर्ती  ·  पूर्णिमा चौधरी  ·  संगीता दबीर  ·  नीतू डेविड  ·  मिनोती देसाई  ·  रीता डे  ·  कल्याणी ढोकरीकर  ·  राजेश्वरी ढोलकिया  ·  लाया फ्रांसिस  ·  रेशमा गाँधी  ·  अरुणाधती संतोष घोष  ·  रेखा गोडबोले  ·  बिंदेश्वरी गोयल  ·  शशि गुप्ता  ·  स्मिता हरिकृष्ण  ·  सुसान इट्टिचेरिया  ·  अंजू जैन  ·  नीलिमा जोगलेकर  ·  नीता कदम  ·  हेमलता कला  ·  ममता कनोजिया  ·  चंद्रकांता कौल  ·  फावज़ीह खलीली  ·  अरुंधति किरकिरे ·  ममता माबेन  ·  रीमा मल्होत्रा  ·  बबिता मांडलिक  ·  दीपा मराठे  ·  रेणू मारग्रेट  ·  संध्या मजूमदार  ·  रिशिजे मुद्गल  ·  मंजू नादगोड़ा  ·  सुलक्षणा नाईक  ·  उज्वला निकम  ·  शोभा पंडित  ·  सुनेत्र परांजपे  ·  कल्पन परोपकारी  ·  रीता पटेल
 ·  अंजलि पेंढारकर  ·  रेखा पुणेकर  ·  पूर्णिमा राव  ·  कविता राय  ·  लिसी सैम्युल  ·  बीस सरकार  ·  सुधा शाह  ·  अमिता शर्मा  ·  अंजलि शर्मा  ·  जया शर्मा  ·  रूपांजलि शास्त्री  ·  श्यामा शॉ  ·  अमृता शिंदे  ·  सुनीता सिंह  ·  मणिमाला सिंघल  ·  सुजाता श्रीधर  ·  आरती वैद्य  ·  रजनी वेणुगोपाल  ·  एकता बिष्ट  ·  गार्गी बेनर्जी  ·  झूलन गोस्वामी  ·  डायना एडुल्जी  ·  रुमेली धर  ·  लोपामुद्रा भट्टाचार्जी  ·  वृंदा भगत  ·  वेंकटाचर कल्पना  ·  शान्ता रंगास्वामी  ·  शुभांगी कुलकर्णी  ·  स्मृति मंधाना "
81,सुर्यकुमार यादव,"सूर्यकुमार अशोक यादव जिन्हें सूर्यकुमार यादव या स्काई के नाम से भी जाना जाता है, एक भारतीय क्रिकेटर हैं जो एकदिवसीय और टी20ई प्रारूपों में भारत के लिए खेलते हैं। वह घरेलू क्रिकेट में मुंबई क्रिकेट टीम का प्रतिनिधित्व करते हैं और इंडियन प्रीमियर लीग में मुंबई इंडियंस के लिए खेलते हैं। वह दाएं हाथ के बहुमुखी बल्लेबाज और कभी-कभार दाएं हाथ के मध्यम गति और स्पिन गेंदबाज हैं। उन्होंने 14 मार्च 2021 को इंग्लैंड के खिलाफ भारतीय क्रिकेट टीम के लिए ट्वेंटी-20 अंतरराष्ट्रीय क्रिकेट में पदार्पण किया। उन्होंने 18 जुलाई 2021 को श्रीलंका के खिलाफ भारत के लिए अपना एक दिवसीय अंतर्राष्ट्रीय (ODI) पदार्पण किया। उनका जर्सी नंबर 63 है। यादव ने बचपन से ही क्रिकेट और बैडमिंटन में रुचि विकसित कर ली थी। उनके पिता बार्क में इलेक्ट्रिकल इंजीनियर की नौकरी के लिए गाजीपुर शहर से मुंबई आ गए। सूर्या ने वाराणसी की गलियों में खेलते हुए अपना हुनर ​​सीखा। 10 साल की उम्र में, उनके पिता ने खेल के प्रति उनके झुकाव को देखा और उन्हें अणुशक्ति नगर में बीएआरसी कॉलोनी में एक क्रिकेट शिविर में नामांकित किया। इसके बाद वे एल्फ वेंगसरकर अकादमी गए और मुंबई में आयु वर्ग क्रिकेट खेला। वह कला, वाणिज्य और विज्ञान के पिल्लई कॉलेज के पूर्व छात्र हैं। 7 जुलाई 2016 को यादव ने देवीशा शेट्टी से शादी की। "
82,सुरेश रैना,"सुरेश रैना (कश्मीरी: سریش رائنا‎ (उच्चारण सहायता·सूचना; जन्म २७ नवम्बर १९८६) भारत के प्रमुख क्रिकेट खिलाड़ी हैं।[1] रैना के पिता त्रिलोकी चन्द एक सेवानिवृत्त सैन्य अधिकारी है। वह बाएं हाथ के मध्यक्रम के बल्लेबाज और एक बाएं हाथ के ऑफ स्पिन गेंदबाज है। वे घरेलू क्रिकेट के सभी रूपों में उत्तर प्रदेश के लिए खेलता है और इंडियन प्रीमियर लीग में चेन्नई सुपर किंग्स के उप कप्तान है। उन्होंने आईपीएल में सर्वाधिक रन बनाए हैं और सबसे ज्यादा कैच पकङे है। उन्होंने चेन्नई सुपर किंग्स के सभी मैच खेले है। रैना १८ वर्ष की आयु में श्रीलंका के खिलाफ २००५ में अपने एक दिवसीय कैरियर की शुरुआत की और २०१० में अपने टेस्ट कैरियर की शुरुआत श्रीलंका के खिलाफ ही की। रैना भारत की विश्व कप २०११ की विजेता टीम का हिस्सा था। लेकिन विशेषज्ञों ने उनकी तकनीक अक्सर विशेष रूप से तेजी और छोटी गेंदों के खिलाफ सवाल उठाया गया है। उनका औसत विदेशी धरती पर इसे समर्थन करता है।[2] रैना २००० में क्रिकेट खेलने का फैसला किया। वह उत्तर प्रदेश अंडर -१६ के कप्तान बने। वह १६ वर्ष की आयु में फरवरी २००३ में असम के खिलाफ उत्तर प्रदेश के लिए रणजी ट्रॉफी शुरुआत की, लेकिन अगले सत्र तक एक और मैच नहीं खेल पाए थे। २००३ में, वह अंडर -१९ एशियाई एक दिवसीय चैम्पियनशिप के लिए पाकिस्तान का दौरा किया। २००५ के शुरू में, वह अपने प्रथम श्रेणी के सीमित ओवरों के शुरुआत की और ५३.७५ की औसत से ६४५ रन बनाए। २००५ के शुरू में चैलेंजर सीरीज में भाग लेने के लिए चुना गया था और सचिन तेंडुलकर को चोट और कप्तान सौरव गांगुली को निलंबन के बाद, रैना श्रीलंका में इंडियन ऑयल कप २००५ के लिए चुना गया था। "
83,सुब्रत दास,"सुब्रत दास (जन्म 1 मई 1963) एक भारतीय क्रिकेट अंपायर हैं। दास ने 3 महिला एक दिवसीय अंतर्राष्ट्रीय क्रिकेट मैच,[1] 1 महिला ट्वेंटी 20 अंतर्राष्ट्रीय मैच,[2] 61 प्रथम श्रेणी मैच,[3] 56 लिस्ट ए मैच [4] और 36 ट्वेंटी 20 मैच[5] मार्च 2017 के अनुसार [update] खेले हैं। विशाखापत्तनम के डॉ वाई एस राजशेखर रेड्डी एसीए-वीडीसीए क्रिकेट स्टेडियम में फरवरी 2010 में इंग्लैंड और भारत के बीच चौथे महिलाओं के वनडे मैच के दौरान दास ने अंतरराष्ट्रीय अंपायर के रूप में अपनी शुरुआत की। तीन दिन बाद, वह मुंबई के बांद्रा कुर्ला कॉम्प्लेक्स ग्राउंड में आयोजित श्रृंखला के पांचवें और अंतिम महिलाओं की वनडे मैच में खड़े हुए। हाल ही में न्यूजीलैंड और भारत के बीच 8 जुलाई 2015 को बैंगलोर के एम चिन्नास्वामी स्टेडियम में पांचवा एकदिवसीय मैच खेला गया। एक हफ्ते बाद उसी स्थान पर, उन्होंने दो टीमों के बीच अपने पहले महिलाओं की टी20आई मैच में अंपायरिंग की।[1][2] दास को 2010 में उत्कृष्ट अंपायरिंग के लिए सरोज महासूरा मेमोरियल पुरस्कार मिला।[6] "
84,सुफियान महमूद,"सुफियान महमूद (जन्म 21 अक्टूबर 1991) एक ओमानी क्रिकेटर हैं।[1] वह 2014 आईसीसी विश्व क्रिकेट लीग डिवीजन चार टूर्नामेंट में खेले।[2] उन्होंने 26 नवंबर 2015 को हांगकांग के खिलाफ ओमान के लिए अपना ट्वेंटी 20 अंतर्राष्ट्रीय पदार्पण किया।[3] उन्होंने अक्टूबर 2016 में संयुक्त अरब अमीरात के खिलाफ अपनी तीन मैचों की श्रृंखला में ओमान के लिए लिस्ट ए की शुरुआत की।[4] अगस्त 2018 में, उन्हें 2018 एशिया कप क्वालीफायर टूर्नामेंट के लिए ओमान की टीम में नामित किया गया था।[5] अक्टूबर 2018 में, उन्हें 2018 आईसीसी विश्व क्रिकेट लीग डिवीजन थ्री टूर्नामेंट के लिए ओमान के दस्ते में नामित किया गया था।[6] मार्च 2019 में, उन्हें नामीबिया में 2019 आईसीसी विश्व क्रिकेट लीग डिवीजन टू टूर्नामेंट के लिए ओमान की टीम में नामित किया गया था।[7] सितंबर 2019 में, उन्हें 2019 आईसीसी टी20 विश्व कप क्वालीफायर टूर्नामेंट के लिए ओमान की टीम में नामित किया गया था।[8] सितंबर 2021 में, उन्हें 2019–2023 आईसीसी क्रिकेट विश्व कप लीग 2 के राउंड छह और राउंड सात के लिए ओमान के एक दिवसीय अंतर्राष्ट्रीय (वनडे) टीम में नामित किया गया था।[9] उन्होंने ओमान के लिए 19 सितंबर 2021 को नेपाल के खिलाफ वनडे में पदार्पण किया।[10] उन्हें 2021 आईसीसी पुरुष टी20 विश्व कप के लिए ओमान की टीम में भी नामित किया गया था।[11] "
85,सुपर-50 कप 2021,"2020–21 सुपर50 कप सुपर50 कप का 47 वां संस्करण था, क्रिकेट वेस्ट इंडीज (सीडब्ल्यूआई) के देशों के लिए घरेलू सीमित ओवरों की क्रिकेट प्रतियोगिता। यह टूर्नामेंट फरवरी 2021 में अण्टीगुआ और बारबूडा में हुआ था।[1] टूर्नामेंट में छह टीमों ने भाग लिया - बारबाडोस, गुयाना, जमैका, लीवार्ड द्वीप समूह, त्रिनिदाद और टोबैगो और विंडवर्ड आइलैंड्स।[2] वेस्टइंडीज इमर्जिंग टीम ने प्रतियोगिता के पिछले संस्करण को जीता।[3] 15 जून 2020 को, सीडब्ल्यूआई ने 2020-21 टूर्नामेंट के लिए खिलाड़ियों का मसौदा तैयार किया।[4][5] मसौदा दो राउंड में हुआ,[6][7] जिसमें प्रत्येक टीम ने न्यूनतम पंद्रह खिलाड़ियों के हस्ताक्षर किए।[8][9] दिसंबर 2020 में, क्रिकेट वेस्ट इंडीज ने पुष्टि की कि संयुक्त राज्य अमेरिका,  कनाडा,  संयुक्त परिसर और कॉलेज और वेस्ट इंडीज इमर्जिंग टीम टूर्नामेंट में भाग नहीं लेंगे।[10] 25 जनवरी 2021 को, सीडब्ल्यूआई ने टूर्नामेंट के लिए कार्यक्रम की घोषणा की,[11] जिसके दो दिन बाद सभी दस्तों की पुष्टि हुई।[12] ग्रुप चरण के समापन के बाद, गुयाना, जमैका, त्रिनिदाद और टोबैगो और विंडवर्ड द्वीपसमूह ने सेमीफाइनल के लिए क्वालीफाई किया था, जिसमें बारबाडोस और लेवार्ड द्वीप समूह पांचवें स्थान के प्ले-ऑफ मैच में एक-दूसरे का सामना कर रहे थे।[13] पहले सेमीफाइनल में त्रिनिदाद और टोबैगो ने जमैका को छह विकेट से हराकर फाइनल में प्रवेश किया।[14] दूसरे सेमीफाइनल में गुयाना ने विंडवर्ड द्वीप समूह को 95 रन से हराकर फाइनल में त्रिनिदाद और टोबैगो को शामिल किया।[15] त्रिनिदाद और टोबैगो ने फाइनल में गुयाना को 152 रन से हराकर टूर्नामेंट जीता।[16] "
86,सुपर स्मैश 2020-21,"2020–21 ड्रीम11 सुपर स्मैश (प्रतियोगिता के प्रायोजक ड्रीम11 के नाम पर)[1] न्यूजीलैंड में खेला गया सुपर स्मैश ट्वेंटी 20 क्रिकेट टूर्नामेंट का सोलहवां सत्र था।[2] यह 24 दिसंबर 2020 को शुरू हुआ, और 13 फरवरी 2021 को समाप्त हुआ।[3] वेलिंगटन फायरबर्ड्स गत विजेता थे।[4][5] 15 जून 2020 को, न्यूजीलैंड क्रिकेट ने 2020-20 सीज़न से पहले घरेलू टीमों के लिए पहले दौर के अनुबंधों की घोषणा की।[6][7] टूर्नामेंट के लिए पूरा कार्यक्रम 29 सितंबर 2020 को पुष्टि की गई थी।[8] वेलिंगटन फायरबर्ड्स ने सीधे फाइनल में आगे बढ़ते हुए समूह में शीर्ष स्थान हासिल किया।[9] जनवरी 2021 के अंत तक, कैंटरबरी किंग्स ने प्रारंभिक फाइनल में अपना स्थान सुरक्षित कर लिया था।[10] 5 फरवरी 2021 को, सेंट्रल स्टैग प्रारंभिक फाइनल के लिए आगे बढ़ते हुए, टूर्नामेंट के नॉक-आउट चरण तक पहुंचने वाली तीसरी और अंतिम टीम बन गई।[11] प्रारंभिक फाइनल में, कैंटरबरी किंग्स ने वेलिंगटन फायरबर्ड्स को फाइनल में शामिल करने के लिए सेंट्रल स्टैग्स को चार विकेट से हराया।[12] फाइनल में, वेलिंगटन फायरबर्ड्स ने कैंटरबरी किंग्स को पांच विकेट से हराकर टूर्नामेंट जीत लिया।[13][14] "
87,सुपर स्मैश 2019-20,"2019–20 ड्रीम 11 सुपर स्मैश (प्रतियोगिता के प्रायोजक ड्रीम 11 के नाम पर)[1] न्यूजीलैंड में सुपर स्मैश ट्वेंटी 20 क्रिकेट टूर्नामेंट का पंद्रहवां सत्र था।[2] यह दिसंबर 2019 और जनवरी 2020 के बीच हुआ।[3][4] सेंट्रल स्टैग डिफेंडिंग चैंपियन थे।[5][6] 5 जनवरी 2020 को, कैंटरबरी किंग्स और उत्तरी शूरवीरों के बीच मैच में, लियो कार्टर ने एंटोन डेविच की गेंदबाजी पर एक ओवर में छह छक्के मारे।[7][8] वह ट्वेंटी 20 मैच में ऐसा करने वाले चौथे बल्लेबाज थे, और न्यूजीलैंड के क्रिकेटर द्वारा पहला।[9] 11 जनवरी 2020 को, ओटैगो वोल्ट्स टूर्नामेंट के नॉकआउट सेक्शन के लिए क्वालीफाई करने वाली पहली टीम बन गई, जब उन्होंने सेंट्रल स्टैग्स को नौ विकेट से हराया।[10] अगले दिन, ऑकलैंड एसेस और वेलिंगटन फायरबर्ड्स ने भी प्रतियोगिता के नॉकआउट चरण में अपने स्पॉट की पुष्टि की।[11] फाइनल ग्रुप स्टेज मैच के बाद वेलिंगटन ने सीधे फाइनल में बढ़त बनाते हुए तालिका में शीर्ष स्थान हासिल किया। ओटागो और ऑकलैंड प्रारंभिक फाइनल में आगे बढ़े, क्रमशः दूसरे और तीसरे स्थान पर रहने के बाद।[12] "
88,सुपर स्मैश 2018-19,"2018-19 का सुपर स्मैश न्यूजीलैंड में सुपर स्मैश ट्वेंटी-20 क्रिकेट टूर्नामेंट का सीज़न था। यह 22 दिसंबर 2018 से 17 फरवरी 2019 तक हुआ।[1][2] नॉर्थरन नाइट्स गत विजेता थे।[3] 1 जनवरी 2019 को ऑकलैंड एसेस और कैंटरबरी किंग्स के बीच मैच में, कैंटरबरी के काइल जैमीसन ने न्यूजीलैंड में एक टी-20 मैच में एक गेंदबाज द्वारा सर्वश्रेष्ठ आंकड़े, और तीसरे सर्वश्रेष्ठ आंकड़े, जब सात रन से छह विकेट लिए थे। उसके चार ओवर।[4][5] 25 जनवरी 2019 को, नॉर्थरन नाइट्स टूर्नामेंट के फाइनल में पहुंचने वाली पहली टीम थी, उन्होंने सेंट्रल स्टैग्स को 131 रनों से हराया, इस प्रक्रिया में एक घर का फाइनल हासिल किया।[6] 2 फरवरी 2019 को, ऑकलैंड ऐस ने प्लेऑफ में अपने स्थान की पुष्टि करने के लिए नॉर्थरन नाइट्स को छह विकेट से हराया।[7] सेंट्रल स्टैग्स प्लेऑफ में पहुंचने वाली तीसरी और अंतिम टीम बन गई।[8] प्रारंभिक फाइनल में, सेंट्रल स्टैग्स ने ऑकलैंड एसेस को 44 रन से हराकर फाइनल में प्रवेश किया।[9] "
89,सुपर स्मैश (क्रिकेट),"सुपर स्मैश, जिसे वर्तमान में प्रायोजन उद्देश्यों के लिए ड्रीम 11 सुपर स्मैश कहा जाता है,[3] न्यूजीलैंड में घरेलू ट्वेंटी-20 क्रिकेट प्रतियोगिता है।[4] टूर्नामेंट में एक डबल राउंड-रॉबिन होता है, जिसमें शीर्ष तीन टीमें प्ले-ऑफ के लिए क्वालीफाई करती हैं। यह प्रतियोगिता 2005 से हर साल आयोजित की जाती है, और इसमें प्रायोजकों की संख्या होती है, जिनमें से प्रत्येक अपने स्वयं के नामकरण अधिकारों का उपयोग करता है। प्रतियोगिता के रूप में जाना जाता है: "
90,सुपर प्रांतीय वनडे टूर्नामेंट 2019,"2019 सुपर प्रोविंशियल वनडे टूर्नामेंट एक लिस्ट ए क्रिकेट टूर्नामेंट था जो 4 से 11 अप्रैल 2019 के बीच श्रीलंका में खेला गया था।.[1][2] चार टीमों ने प्रतियोगिता में भाग लिया: कोलंबो, डंबुला, गैल और कैंडी, गैल के साथ गत चैंपियन थे।[3] शुरुआत में, श्रीलंका क्रिकेट (एसएलसी) ने कहा कि खिलाड़ियों को केवल 2019 क्रिकेट विश्व कप के लिए माना जाएगा, अगर वे इस टूर्नामेंट में खेले।[4] लसिथ मलिंगा को मूल रूप से टूर्नामेंट में खेलने और 2019 इंडियन प्रीमियर लीग (आईपीएल) के कुछ हिस्से से बाहर रहने की उम्मीद थी।[5] एसएलसी ने अपना रुख बदल दिया, जिससे मलिंगा को टूर्नामेंट से चूकने और आईपीएल में खेलने की अनुमति मिल गई।[6][7] हालांकि, टूर्नामेंट की शुरुआत से कुछ दिन पहले, मलिंगा को श्रीलंका क्रिकेट द्वारा जारी एक प्रेस विज्ञप्ति में खेलने के रूप में सूचीबद्ध किया गया था।[8] मलिंगा ने आईपीएल में मुंबई इंडियंस के लिए प्रदर्शन करने के अगले दिन, टूर्नामेंट के उद्घाटन में गाले के लिए खेला।[9] कैंडी के खिलाफ मैच में, उन्होंने 49 रन पर सात विकेट लिए, लिस्ट ए क्रिकेट में उनके सर्वश्रेष्ठ आंकड़े।[10] राउंड-रॉबिन मैचों के समापन के बाद, गेल और कोलंबो ने टूर्नामेंट के फाइनल में प्रगति की थी।[11] कैंडी को 94 रनों से हराने के बाद दांबुला ने तीसरा स्थान हासिल किया।[12] फाइनल का कोई नतीजा नहीं निकला, पारी के ब्रेक के दौरान बारिश रुकने के बाद, इसलिए कोलंबो और गैल ने खिताब साझा किया।[13] एंजेलो मैथ्यूज को टूर्नामेंट का सर्वश्रेष्ठ बल्लेबाज, लसिथ मलिंगा को सर्वश्रेष्ठ गेंदबाज और धनंजया डी सिल्वा को टूर्नामेंट का खिलाड़ी नामित किया गया।[14] "
91,सुपर कमाण्डो ध्रुव,"सुपर कमांडो ध्रुव (अंग्रेजी; Super Commando Dhruva) एक काल्पनिक पात्र, एवं एक भारतीय काॅमिक्स सुपरहीरो है, जिसकी काॅमिकों का प्रकाशन राज काॅमिक्स द्वारा किया जाता है। इस पात्र, की रचना विख्यात लेखक एवं चित्रकारी अनुपम सिन्हा द्वारा किया गया था, उन्होंने उसकी पहली काॅमिक्स GENL #74 ""प्रतिशोध की ज्वाला""[1] से आगमन दिलाया जिसे अप्रैल १९८७ में प्रकाशित किया गया[2] और उसके बाद से, उसे नियमित तौर पल अन्य कई किस्तों के साथ राज काॅमिक्स द्वारा प्रकाशित करती रही। सुपर कमांडो ध्रुव, जिसका पूरा नाम ध्रुव मेहरा है, इसके अतिरिक्त संदर्भ में उसकी कमाण्डो फाॅर्स के कैडेट उन्हें कैप्टन ध्रुव के नाम से संबोधित करती है। सुपर कमांडो ध्रुव का कार्यस्थल भारत स्थित काल्पनिक शहर राजनगर में बताया जाता। वहीं वह एक काल्पनिक सरकारी-मान्यता प्राप्त कमाण्डो फाॅर्स नामक अपराध उन्मूलन संगठन की स्थापना करता है। ध्रुव के चरित्र को इस प्रकार विशिष्ट एवं प्रतिष्ठित बनाया गया है; पीली व नीली वर्दी, काले-भूरे जुते और एक युटिलिटी पेटी जिसपर सितारे के आकार का बकल है। यही सितारा उसके चरित्र की विशेष ट्रेडमार्क बनती है। ध्रुव की सबसे असामान्य बात यह है कि अधिकांश सुपरहीरो की तरह, उसकी कोई अप्रत्यक्ष व्यक्तित्व नहीं है और ना ही अपनी पहचान छुपाने के लिए नकाब की जरूरत महसूस करता है। सबसे अलग व विशेष कि उसमें किसी तरह की अमानवीय शक्तियों के ना है; मगर अपनी तेज बुद्धि, सूक्ष्म प्रेक्षण कुशलता, हरेक प्राजातियों के पशु-पक्षियों से बात करने की कला, वैज्ञानिक तार्किकता, युद्ध कला व नटबाजी में माहिर, अपनी बेमिसाल इच्छाशक्ति और धरती से पापियों को हटाने का दृढ़ संकल्प ही उसे किसी
उसे किसी भी सामान्य सुपरहीरो या मनुष्यों से अद्वितीय बनाता है। ध्रुव ने अपनी प्रथम परिचय के बाद ही लोकप्रिय पात्रों में पहचान पाई। वह राज काॅमिक्स के बेहद सफलतम पात्रों में भी एक शुमार हैं। इतने वर्ष बीतने पर भी, ध्रुव ने भारतीय काॅमिक्स जगत के सुपरहीरो की पीढ़ी में विशिष्ट स्थान बनाया है। ===उपकरण=== "
92,सुने लुस,"सुने एले लुस (जन्म 5 जनवरी 1996) एक दक्षिण अफ्रीकी क्रिकेटर है, जो लेग स्पिनर के रूप में दक्षिण अफ्रीका की महिला राष्ट्रीय क्रिकेट टीम के लिए खेलते हैं।[1] उन्होंने महिला वनडे क्रिकेट में एक कैलेंडर वर्ष में सबसे अधिक विकेट लेने के अनीसा मोहम्मद के रिकॉर्ड की भी बराबरी की, 2016 में 37 को आउट किया।[2] 2016 में, क्लो ट्राईऑन के साथ, उसने एक वनडे में सबसे अधिक छठे विकेट की साझेदारी का रिकॉर्ड बनाया, जिसमें 142 रन थे।[3] मई 2017 में, क्रिकेट दक्षिण अफ्रीका के वार्षिक पुरस्कारों में उन्हें महिला क्रिकेटर ऑफ द ईयर चुना गया।[4] मार्च 2018 में, वह 2018-19 सत्र से पहले क्रिकेट दक्षिण अफ्रीका द्वारा राष्ट्रीय अनुबंध से सम्मानित किए जाने वाले चौदह खिलाड़ियों में से एक थी।[5] अक्टूबर 2018 में, वेस्ट इंडीज में 2018 आईसीसी महिला विश्व ट्वेंटी 20 टूर्नामेंट के लिए उन्हें दक्षिण अफ्रीका के टीम में नामित किया गया था।[6][7] "
93,सुनील नारायण,"सुनील नारायण वेस्टइंडीज क्रिकेट टीम के एक क्रिकेट खिलाड़ी है[1]। सुनील नरेन साल 2012 में पहली बार कोलकाता नाइट राइडर्स के साथ जुड़े थे, तब से वह लगातार इस टीम के साथ है . आईपीएल 2022 की मेगा नीलामी से पहले सुनील नरेन को केकेआर ने 6 करोड़ रुपए में रिटेन किया था [2]| 2017 में सुनील नरेन ने आईपीएल में सबसे तेज अर्धशतक मारने का रिकॉर्ड बनाया था [3]| सुनील नरेन ने आईपीएल में कुल 145 मैच खेले है, जिसमें उन्होंने 151 विकेट झटके हैं. साथ ही उन्होंने कुल 1003 रन भी बनाए हैं | वह आईपीएल इतिहास में एक हजार रन बनाने के साथ 150 या उससे ज्यादा विकेट लेने वाले दूसरे खिलाड़ी हैं[4] | "
94,सुनील गावस्कर के अन्तरराष्ट्रीय क्रिकेट शतकों की सूची,"सुनील गावस्कर भारत के पूर्व अंतरराष्ट्रीय क्रिकेट खिलाड़ी और कप्तान हैं। उन्होंने अपने १६ वर्ष के खेल-जीवन में अन्तरराष्ट्रीय स्तर पर ३५ शतक (१०० या उससे अधिक रन) बनाये।[2] क्रिकेट इतिहास के महानतम सलामी बल्लेबाजों में से एक के रूप में पहचाने जाने वाले गावस्कर ने १२५ टेस्ट मैचों में १०,१२२ रन बनाये।[3][4] वो टेस्ट क्रिकेट में १०,००० रन बनाने वाले प्रथम बल्लेबाज हैं और यह कीर्तिमान तब तक उनके नाम रहा जब तक एलन बौर्डर ने इससे अधिक रन नहीं बनाये।[5] गावस्कर का ३४ शतक लगाने का कीर्तिमान लगभग २ दशक तक उनके नाम ही रहा। दिसम्बर २००५ में सचिन तेंदुलकर ने अधिक शतक बनाकर यह कीर्तिमान अपने नाम किया।[6][7] उन्हें वर्ष १९७१ के इंडियन क्रिकेट क्रिकेटर ऑफ़ द इयर सम्मान दिया और वर्ष १९८० में विस्डन क्रिकेटर ऑफ़ द इयर के लिए चुने गये खिलाड़ियों में से एक थे।[3][8] फरवरी २०१२ में अंतरराष्ट्रीय क्रिकेट परिषद (आईसीसी) ने उन्हें आईसीसी क्रिकेट हॉल ऑफ़ फेम के लिए चुना।[2][9][10] सन् २०१३ के अन्त तक टेस्ट क्रिकेट में भारतीय खिलाड़ियों में सचिन तेंदुलकर और राहुल द्रविड़ के बाद वो सबसे अधिक रन बनाने वाले खिलाड़ी हैं।[1][11] उन्होंने मार्च १९७१ में वेस्टइंडीज़ के विरुद्ध टेस्ट क्रिकेट में पदार्पण किया।[12] गावस्कर ने अपना प्रथम शतक उसी शृंखला के तीसरे मैच में बनाया।[13] क्वींस पार्क ओवल में अन्तिम मैच में उन्होंने दोनों पारियों में १२४ और २२० रन बनाते हुए शतक लगाये। ऐसा असाधारण कार्य करने वाले वो द्वितीय भारतीय खिलाड़ी बने।[14] दिसम्बर १९७८ में वेस्टइंडीज़ के खिलाफ मैच की पारियों में १०७ और नाबाद १८२ रन बनाकर वो टेस्ट क्रिकेट की दोनो पारियों में तीन बार शतक बनाने वाले प्रथम खिलाड़ी बने।[14][15][16] गावस्कर की टेस्ट क्रिकेट में उच्चतम रन संख्या नाबाद २३६ है, यह उच्चतम मान उन्होंने १९८३ में चेन्नई में प्राप्त किया।[5][क 1] यह उस समय का एक भारतीय कीर्तिमान था।[5][17] उन्होंने एक टेस्ट मैच पारी में १५० या उससे अधिक रन १२ अवसरों पर बनाये।[17] गावस्कर वेस्टइंडीज़ और ऑस्ट्रेलिया के खिलाफ सबसे सफल रहे जिनके विरुद्ध क्रमशः १३ और ८ शतक लगाये।[17] गावस्कर ने १९७४ में अपना एकदिवसीय अंतर्राष्ट्रीय पदार्पण इंग्लैण्ड के विरुद्ध हेडिंग्ले स्टेडियम में किया।[16] टेस्ट के विपरीत उनका एकदिवसीय जीवन कम शानदार रनों वाला रहा जिसमें उन्होंने ३५.१३ के औसत के साथ ३,०९२ रन बनाये।[16] गावस्कर का एकमात्र एकदिवसीय शतक १९८७ के विश्वकप में न्यूज़ीलैंड के विरुद्ध है; यह उनका एकदिवसीय से सन्यास के अन्तिम से पहला मैच था। इस मैच में उन्होंने ८८ गेंदों पर १०३ रन बनाये; उनके इस प्रदर्शन ने मैच में भारत की जीत सुनिश्चित की, जिससे उन्हें मैन ऑफ द मैच का पुरस्कार मिला।[18] "
95,सुनील गावस्कर,"28 अप्रैल, 2007  के अनुसार
स्रोत: [1] सुनील गावस्कर भारत के क्रिकेट के पूर्व-खिलाड़ी हैं।[1] सुनील गावस्कर वर्तमान युग में क्रिकेट के महान बल्लेबाजों में गिने जाते हैं। इन्होंने बल्लेबाजी से संबंधित कई कीर्तिमान स्थापित किए। इनका जन्म 10 जुलाई 1949 को मुम्बई (महाराष्ट्र) में हुआ था।[1] गावस्कर टेस्ट क्रिकेट में केवल छह बल्लेबाजों में से एक थे, जिनका बल्लेबाजी औसत 50 से अधिक था, जब उन्होंने अंतरराष्ट्रीय क्रिकेट खेला था,[2] और टेस्ट क्रिकेट में पदार्पण के बाद से उनका बल्लेबाजी औसत 50 से नीचे कभी नहीं गिरा।[3][4] उनकी पत्नी का नाम मार्शनील है। इनके पुत्र रोहन गावस्कर भी भारतीय क्रिकेट टीम में खेल चुके हैं। "
96,सीमित ओवर क्रिकेट,प्रथम श्रेणी क्रिकेट एक दिवसीय अंतर्राष्ट्रीय सीमित ओवर (घरेलू) 
97,सीबर्न क्रिकेट ग्राउंड,सीबर्न क्रिकेट ग्राउंड ऑस्ट्रिया के सीबर्न में एक क्रिकेट मैदान है। इसे 1995 में ऑस्ट्रिया में पहले समर्पित क्रिकेट ग्राउंड के रूप में खोला गया था। 2000 में एक स्थायी दृष्टि स्क्रीन को जमीन पर और 2001 में एक मंडप में जोड़ा गया था।[1] यह मैदान ऑस्ट्रिया की राष्ट्रीय क्रिकेट टीम के साथ-साथ वियना क्रिकेट क्लब का घरेलू आधार है[2] और इसने कई अंतरराष्ट्रीय टूर्नामेंटों की मेजबानी की है। 2001 और 2004 के बीच शेष जमीन से सटे एक दूसरा मैदान था। 
98,सीएसए प्रोविंशियल वनडे चैलेंज 2016-17," 2016-17 सीएसए प्रांतीय एक दिन की चुनौती एक लिस्ट ए क्रिकेट प्रतियोगिता 9 अक्टूबर 2016 से 2 अप्रैल 2017 दक्षिण अफ्रीका में जगह ले जा रही है।[1][2] प्रतियोगिता तेरह दक्षिण अफ्रीकी प्रांतीय टीमों और नामीबिया के बीच खेला जाता है। टूर्नामेंट सनफॉइल 3 डे कप 2016-17, जो एक ही टीमों सुविधाएँ साथ समानांतर में खेला जा रहा है। नॉर्थर्न्स ने पूल ए के शीर्ष स्थान पर और नामीबिया को पूल बी के शीर्ष पर पहुंचाया, दोनों टीमों ने प्रतियोगिता के फाइनल में प्रगति की।[3] फाइनल में, नॉर्दन ने 7 विकेट से नामीबिया को हराकर मैच जीता। "
99,सीएसए प्रांतीय टी-20 कप 2019,"2019-20 सीएसए प्रांतीय टी-20 कप एक घरेलू ट्वेंटी क्रिकेट टूर्नामेंट था जो सितंबर 2019 में दक्षिण अफ्रीका में 2019-20 दक्षिण अफ्रीका के घरेलू सत्र के पर्दा-रक्षकों के रूप में हुआ था। यह तेरह दक्षिण अफ्रीकी प्रांतीय टीमों के बीच लिम्पोपो और म्पुमलंगा के साथ खेला गया था।[1] दक्षिण अफ्रीका की केवल घरेलू टीमों के हिस्सा लेने के साथ, टूर्नामेंट ने अफ्रीका टी-20 कप की जगह ले ली।[2] मैचों के शुरुआती दिन, जोनाथन वंदीर ने पूल ए में गौतेंग के खिलाफ उत्तरी के लिए नाबाद शतक बनाया।[3] पूल बी में, लॉरेन एगेनबाग एक वरिष्ठ पुरुष प्रांतीय मैच में अंपायर के रूप में पहली महिला बनी, जब वह पूर्वी प्रांत और क्वाज़ुलु-नटाल इनलैंड के बीच मैच में ऑन-फील्ड अंपायरों में से एक थी।[3] पूल सी में, पश्चिमी प्रांत क्रिकेट टीम और उत्तर पश्चिम के बीच मैच टाई में समाप्त हुआ, जिसमें उत्तर पश्चिम ने सुपर ओवर जीता।[3] टूर्नामेंट के दूसरे दिन के मैच ने दूसरे दिन में बराबरी का मुकाबला देखा, क्योंकि पूल ए में क्वाज़ुलु-नटाल और ईस्टर्न ने रनों का स्तर पूरा किया, जिसमें ईस्टर्न ने सुपर ओवर जीता।[4] पूल बी में, जैक्स स्नाइमन ने 58 गेंदों पर 117 रन बनाए, क्योंकि उत्तरी केप ने दक्षिण पश्चिमी जिलों को 82 रन से हराया।[4] अंत में पूल सी में, लिरेटो कोगोत्ले ने चार पारियों में अपना दूसरा शतक बनाया, क्योंकि लिम्पोपो ने पश्चिमी प्रांत को 10 विकेट से हराया।[4] "
