context,question,answer_text
"अमिताभ बच्चन (जन्म-११ अक्टूबर, १९४२) बॉलीवुड के सबसे लोकप्रिय अभिनेता हैं। १९७० के दशक के दौरान उन्होंने बड़ी लोकप्रियता प्राप्त की और तब से भारतीय सिनेमा के इतिहास में सबसे प्रमुख व्यक्तित्व बन गए हैं।
बच्चन ने अपने करियर में कई पुरस्कार जीते हैं, जिनमें तीन राष्ट्रीय फ़िल्म पुरस्कार और बारह फ़िल्मफ़ेयर पुरस्कार शामिल हैं। उनके नाम सर्वाधिक सर्वश्रेष्ठ अभिनेता फ़िल्मफेयर अवार्ड का रिकार्ड है। अभिनय के अलावा बच्चन ने पार्श्वगायक, फ़िल्म निर्माता और टीवी प्रस्तोता और भारतीय संसद के एक निर्वाचित सदस्य के रूप में १९८४ से १९८७ तक भूमिका की हैं। इन्होंने प्रसिद्द टी.वी. शो ""कौन बनेगा करोड़पति"" में होस्ट की भूमिका निभाई थी |जो की बहुत चरचित अवम सफल रहा।
बच्चन का विवाह अभिनेत्री जया भादुड़ी से हुआ है। इनकी दो संतान हैं, श्वेता नंदा और अभिषेक बच्चन, जो एक अभिनेता भी हैं और जिनका विवाह ऐश्वर्या राय से हुआ है।
बच्चन पोलियो उन्मूलन अभियान के बाद अब तंबाकू निषेध परियोजना पर काम करेंगे। अमिताभ बच्चन को अप्रैल २००५ में एचआईवी/एड्स और पोलियो उन्मूलन अभियान के लिए यूनिसेफ के सद्भावना राजदूत नियुक्त किया गया था।[1]
 आरंभिक जीवन 
इलाहाबाद, उत्तर प्रदेश, में जन्मे अमिताभ बच्चन के पिता, डॉ॰ हरिवंश राय बच्चन प्रसिद्ध हिन्दी कवि थे, जबकि उनकी माँ तेजी बच्चन कराची से संबंध रखती थीं।[2] आरंभ में बच्चन का नाम इंकलाब रखा गया था जो भारतीय स्वतंत्रता संग्राम के दौरान प्रयोग में किए गए प्रेरित वाक्यांश इंकलाब जिंदाबाद से लिया गया था। लेकिन बाद में इनका फिर से अमिताभ नाम रख दिया गया जिसका अर्थ है, ""ऐसा प्रकाश जो कभी नहीं बुझेगा""। यद्यपि इनका अंतिम नाम श्रीवास्तव था फिर भी इनके पिता ने इस उपनाम को अपने कृतियों को प्रकाशित करने वाले बच्चन नाम से उद्धृत किया। यह उनका अंतिम नाम ही है जिसके साथ उन्होंने फ़िल्मों में एवं सभी सार्वजनिक प्रयोजनों के लिए उपयोग किया। अब यह उनके परिवार के समस्त सदस्यों का उपनाम बन गया है।
अमिताभ, हरिवंश राय बच्चन के दो बेटों में सबसे बड़े हैं। उनके दूसरे बेटे का नाम अजिताभ है। इनकी माता की थिएटर में गहरी रुचि थी और उन्हें फ़िल्म में भी रोल की पेशकश की गई थी किंतु इन्होंने गृहणि बनना ही पसंद किया। अमिताभ के करियर के चुनाव में इनकी माता का भी कुछ हिस्सा था क्योंकि वे हमेशा इस बात पर भी जोर देती थी कि उन्हें सेंटर स्टेज को अपना करियर बनाना चाहिए।[3] बच्चन के पिता का देहांत २००३ में हो गया था जबकि उनकी माता की मृत्यु २१ दिसंबर २००७ को हुई थीं।[4]
बच्चन ने दो बार एम. ए. की उपाधि ग्रहण की है। मास्टर ऑफ आर्ट्स (स्नातकोत्तर) इन्होंने इलाहाबाद के ज्ञान प्रबोधिनी और बॉयज़ हाई स्कूल (बीएचएस) तथा उसके बाद नैनीताल के शेरवुड कॉलेज में पढ़ाई की जहाँ कला संकाय में प्रवेश दिलाया गया। अमिताभ बाद में अध्ययन करने के लिए दिल्ली विश्वविद्यालय के किरोड़ीमल कॉलेज चले गए जहां इन्होंने विज्ञान स्नातक की उपाधि प्राप्त की। अपनी आयु के २० के दशक में बच्चन ने अभिनय में अपना कैरियर आजमाने के लिए कोलकता की एक शिपिंग फर्म बर्ड एंड कंपनी में किराया ब्रोकर की नौकरी छोड़ दी।
३ जून, १९७३ को इन्होंने बंगाली संस्कार के अनुसार अभिनेत्री जया भादुड़ी से विवाह कर लिया। इस दंपती को दो बच्चों: बेटी श्वेता और पुत्र अभिषेक पैदा हुए।
 कैरियर 
 आरंभिक कार्य १९६९ -१९७२ 
बच्चन ने फ़िल्मों में अपने कैरियर की शुरूआत ख्वाज़ा अहमद अब्बास के निर्देशन में बनी सात हिंदुस्तानी के सात कलाकारों में एक कलाकार के रूप में की,[5] उत्पल दत्त, मधु और जलाल आगा जैसे कलाकारों के साथ अभिनय कर के। फ़िल्म ने वित्तीय सफ़लता प्राप्त नहीं की पर बच्चन ने अपनी पहली फ़िल्म के लिए राष्ट्रीय फ़िल्म पुरस्कार में सर्वश्रेष्ठ नवागंतुक का पुरूस्कार जीता।[6]
इस सफल व्यावसायिक और समीक्षित फ़िल्म के बाद उनकी एक और आनंद (१९७१) नामक फ़िल्म आई जिसमें उन्होंने उस समय के लोकप्रिय कलाकार राजेश खन्ना के साथ काम किया। डॉ॰ भास्कर बनर्जी की भूमिका करने वाले बच्चन ने कैंसर के एक रोगी का उपचार किया जिसमें उनके पास जीवन के प्रति वेबकूफी और देश की वास्तविकता के प्रति उसके दृष्टिकोण के कारण उसे अपने प्रदर्शन के लिए सर्वश्रेष्ठ सहायक कलाकार का फिल्मफेयर पुरस्कार मिला। इसके बाद अमिताभ ने (१९७१) में बनी परवाना में एक मायूस प्रेमी की भूमिका निभाई जिसमें इसके साथी कलाकारों में नवीन निश्चल, योगिता बाली और ओम प्रकाश थे और इन्हें खलनायक के रूप में फ़िल्माना अपने आप में बहुत कम देखने को मिलने जैसी भूमिका थी। इसके बाद उनकी कई फ़िल्में आई जो बॉक्स ऑफिस पर उतनी सफल नहीं हो पाई जिनमें रेशमा और शेरा (१९७१) भी शामिल थी और उन दिनों इन्होंने गुड्डी फ़िल्म में मेहमान कलाकार की भूमिका निभाई थी। इनके साथ इनकी पत्नी जया भादुड़ी के साथ धर्मेन्द्र भी थे। अपनी जबरदस्त आवाज के लिए जाने जाने वाले अमिताभ बच्चन ने अपने कैरियर के प्रारंभ में ही उन्होंने बावर्ची फ़िल्म के कुछ भाग का बाद में वर्णन किया। १९७२ में निर्देशित एस. रामनाथन द्वारा निर्देशित कॉमेडी फ़िल्म बॉम्बे टू गोवा में भूमिका निभाई। इन्होंने अरूणा ईरानी, महमूद, अनवर अली और नासिर हुसैन जैसे कलाकारों के साथ कार्य किया है। 
अपने संघर्ष के दिनों में वे ७ (सात) वर्ष की लंबी अवधि तक अभिनेता, निर्देशक एवं हास्य अभिनय के बादशाह महमूद साहब के घर में रूके रहे। 
 स्टारडम की ओर उत्थान १९७३ -१९८३ 
१९७३ में जब प्रकाश मेहरा ने इन्हें अपनी फ़िल्म जंजीर (१९७३) में इंस्पेक्टर विजय खन्ना की भूमिका के रूप में अवसर दिया तो यहीं से इनके कैरियर में प्रगति का नया मोड़ आया। यह फ़िल्म इससे पूर्व के रोमांस भरे सार के प्रति कटाक्ष था जिसने अमिताभ बच्चन को एक नई भूमिका एंग्री यंगमैन में देखा जो बॉलीवुड के एक्शन हीरो बन गए थे, यही वह प्रतिष्‍ठा थी जिसे बाद में इन्हें अपनी फ़िल्मों में हासिल करते हुए उसका अनुसरण करना था। बॉक्स ऑफिस पर सफलता पाने वाले एक जबरदस्त अभिनेता के रूप में यह उनकी पहली फ़िल्म थी, जिसने उन्हें सर्वश्रेष्‍ठ पुरूष कलाकार फ़िल्मफेयर पुरस्कार के लिए मनोनीत करवाया। १९७३ ही वह साल था जब इन्होंने ३ जून को जया से विवाह किया और इसी समय ये दोनों न केवल जंजीर में बल्कि एक साथ कई फ़िल्मों में दिखाई दिए जैसे अभिमान  जो इनकी शादी के केवल एक मास बाद ही रिलीज हो गई थी। बाद में हृषिकेश मुखर्जी के निदेर्शन तथा बीरेश चटर्जी द्वारा लिखित नमक हराम फ़िल्म में विक्रम की भूमिका मिली जिसमें दोस्ती के सार को प्रदर्शित किया गया था। राजेश खन्ना और रेखा के विपरीत इनकी सहायक भूमिका में इन्हें बेहद सराहा गया और इन्हें सर्वश्रेष्ठ सहायक कलाकार का फ़िल्मफेयर पुरस्कार दिया गया।
१९७४ की सबसे बड़ी फ़िल्म रोटी कपड़ा और मकान में सहायक कलाकार की भूमिका करने के बाद बच्चन ने बहुत सी फ़िल्मों में कई बार मेहमान कलाकार की भूमिका निभाई जैसे कुँवारा बाप|कुंवारा बाप और दोस्त। मनोज कुमार द्वारा निदेशित और लिखित फ़िल्म जिसमें दमन और वित्तीय एवं भावनात्मक संघर्षों के समक्ष भी ईमानदारी का चित्रण किया गया था, वास्तव में आलोचकों एवं व्यापार की दृष्टि से एक सफल फ़िल्म थी और इसमें सह कलाकार की भूमिका में अमिताभ के साथी के रूप में कुमार स्वयं और शशि कपूर एवं जीनत अमान थीं। बच्चन ने ६ दिसंबर १९७४ की बॉलीवुड की फ़िल्में|१९७४ को रिलीज मजबूर फ़िल्म में अग्रणी भूमिका निभाई यह फ़िल्म हालीवुड फ़िल्म जिगजेग की नकल कर बनाई थी जिसमें जॉर्ज कैनेडी अभिनेता थे, किंतु बॉक्स ऑफिस[7] पर यह कुछ खास नहीं कर सकी और १९७५ में इन्होंने हास्य फ़िल्म चुपके चुपके, से लेकर अपराध पर बनी फ़िल्म फरार और रोमांस फ़िल्म मिली (फिल्म)|मिली में अपने अभिनय के जौहर दिखाए। तथापि, १९७५ का वर्ष ऐसा वर्ष था जिसमें इन्होंने दो फ़िल्मों में भूमिकाएं की और जिन्हें हिंदी सिनेमा जगत में बहुत महत्त्वपूर्ण माना जाता है। इन्होंने यश चोपड़ा द्वारा निर्देशित फ़िल्म दीवार में मुख्‍य कलाकार की भूमिका की जिसमें इनके साथ शशि कपूर, निरूपा राय और नीतू सिंह थीं और इस फ़िल्म ने इन्हें सर्वश्रेष्‍ठ अभिनेता का फ़िल्मफेयर पुरस्कार दिलवाया। १९७५ में यह फ़िल्म बॉक्स ऑफिस पर हिट रहकर चौथे[8] स्थान पर रही और इंडियाटाइम्स की मूवियों में बॉलीवुड की हर हाल में देखने योग्य शीर्ष २५ फिल्मों[9] में भी नाम आया। १५ अगस्त, १९७५ को रिलीज शोले है और भारत में किसी भी समय की सबसे ज्यादा आय अर्जित करने वाली फिल्‍म बन गई है जिसने २,३६,४५,००००० रू० कमाए जो मुद्रास्फीति[10] को समायोजित करने के बाद ६० मिलियन अमरीकी डालर के बराबर हैं। बच्चन ने इंडस्ट्री के कुछ शीर्ष के कलाकारों जैसे धर्मेन्‍द्र, हेमा मालिनी, संजीव कुमार, जया बच्चन और अमजद खान के साथ जयदेव की भूमिका अदा की थी। १९९९ में बीबीसी इंडिया ने इस फ़िल्म को शताब्दी की फ़िल्म का नाम दिया और दीवार की तरह इसे इंडियाटाइम्‍ज़ मूवियों में बालीवुड की शीर्ष २५ फिल्‍मों में[11] शामिल किया। उसी साल ५० वें वार्षिक फिल्म फेयर पुरस्कार के निर्णायकों ने एक विशेष पुरस्कार दिया जिसका नाम ५० सालों की सर्वश्रेष्ठ फ़िल्म फिल्मफेयर पुरूस्कार था।
बॉक्स ऑफिस पर शोले जैसी फ़िल्मों की जबरदस्त सफलता के बाद बच्चन ने अब तक अपनी स्थिति को मजबूत कर लिया था और १९७६ से १९८४ तक उन्हें अनेक सर्वश्रेष्ठ कलाकार वाले फ़िल्मफ़ेयर पुरस्कार और अन्य पुरस्कार एवं ख्याति मिली। हालांकि शोले जैसी फ़िल्मों ने बालीवुड में उसके लिए पहले से ही महान एक्शन नायक का दर्जा पक्का कर दिया था, फिर भी बच्चन ने बताया कि वे दूसरी भूमिकाओं में भी स्वयं को ढाल लेते हैं और रोमांस फ़िल्मों में भी अग्रणी भूमिका कर लेते हैं जैसे कभी कभी (१९७६) और कामेडी फ़िल्मों जैसे अमर अकबर एन्थनी (१९७७) और इससे पहले भी चुपके चुपके (१९७५) में काम कर चुके हैं। १९७६ में इन्हें यश चोपड़ा ने अपनी दूसरी फ़िल्म कभी कभी में साइन कर लिया यह और एक रोमांस की फ़िल्म थी, जिसमें बच्चन ने एक अमित मल्‍होत्रा के नाम वाले युवा कवि की भूमिका निभाई थी जिसे राखी गुलजार द्वारा निभाई गई पूजा नामक एक युवा लड़की से प्रेम हो जाता है। इस बातचीत के भावनात्मक जोश और कोमलता के विषय अमिताभ की कुछ पहले की एक्शन फ़िल्मों तथा जिन्हें वे बाद में करने वाले थे की तुलना में प्रत्यक्ष कटाक्ष किया। इस फिल्‍म ने इन्हें सर्वश्रेष्ठ अभिनेता का फ़िल्मफेयर पुरस्कार के लिए नामित किया और बॉक्स ऑफिस पर यह एक सफल फ़िल्म थी। १९७७ में इन्होंने अमर अकबर एन्थनी में अपने प्रदर्शन के लिए सर्वश्रेष्ठ अभिनेता का फ़िल्मफेयर पुरस्कार जीता। इस फ़िल्म में इन्होंने विनोद खन्ना और ऋषि कपूर के साथ एनथॉनी गॉन्सॉलनेज़ के नाम से तीसरी अग्रणी भूमिका की थी। १९७८ संभवत: इनके जीवन का सर्वाधिक प्रशेषनीय वर्ष रहा और भारत में उस समय की सबसे अधिक आय अर्जित करने वाली चार फ़िल्मों में इन्होंने स्टार कलाकार की भूमिका निभाई।[12] इन्‍होंने एक बार फिर कस्में वादे जैसी फ़िल्मों में अमित और शंकर तथा डॉन में अंडरवर्ल्ड गैंग और उसके हमशक्ल विजय के रूप में दोहरी भूमिका निभाई.इनके अभिनय ने इन्हें सर्वश्रेष्ठ अभिनेता के फ़िल्मफेयर पुरस्कार दिलवाए और इनके आलोचकों ने त्रिशूल और मुकद्दर का सिकन्दर जैसी फ़िल्मों में इनके अभिनय की प्रशंसा की तथा इन दोनों फ़िल्मों के लिए इन्हें सर्वश्रेष्ठ अभिनेता का फ़िल्मफेयर पुरस्कार मिला। इस पड़ाव पर इस अप्रत्याशित दौड़ और सफलता के नाते इनके कैरियर में इन्हें फ्रेन्‍काइज ट्रूफोट[13] नामक निर्देशक द्वारा वन मेन इंडस्ट्री का नाम दिया।
१९७९ में पहली बार अमिताभ को मि० नटवरलाल नामक फ़िल्म के लिए अपनी सहयोगी कलाकार रेखा के साथ काम करते हुए गीत गाने के लिए अपनी आवाज का उपयोग करना पड़ा.फ़िल्म में उनके प्रदर्शन के लिए उन्हें सर्वश्रेष्ठ अभिनेता का पुरस्कार पुरुष पार्श्‍वगायक का सर्वश्रेष्ठ फ़िल्म पुरस्कार मिला। १९७९ में इन्हें काला पत्थर (१९७९) में सर्वश्रेष्ठ अभिनेता का पुरस्कार दिया गया और इसके बाद १९८० में राजखोसला द्वारा निर्देशित फ़िल्म दोस्ताना में दोबारा नामित किया गया जिसमें इनके सह कलाकार शत्रुघन सिन्हां और जीनत अमान थीं। दोस्ताना वर्ष १९८० की शीर्ष फ़िल्म साबित हुई।[14] १९८१ में इन्होंने यश चोपड़ा की नाटकीयता फ़िल्म सिलसिला में काम किया, जिसमें इनकी सह कलाकार के रूप में इनकी पत्नी जया और अफ़वाहों में इनकी प्रेमिका रेखा थीं। इस युग की दूसरी फ़िल्मों में राम बलराम (१९८०), शान (१९८०), लावारिस (१९८१) और शक्ति (१९८२) जैसी फिल्‍में शामिल थीं, जिन्‍होंने दिलीप कुमार जैसे अभिनेता से इनकी तुलना की जाने लगी थी।[15]
 १९८२ के दौरान कुली की शूटिंग के दौरान चोट 
१९८२ में कुली फ़िल्म में बच्चन ने अपने सह कलाकार पुनीत इस्सर के साथ एक फाइट की शूटिंग के दौरान अपनी आंतों को लगभग घायल कर लिया था।[16] बच्चन ने इस फ़िल्म में स्टंट अपनी मर्जी से करने की छूट ले ली थी जिसके एक सीन में इन्हें मेज पर गिरना था और उसके बाद जमीन पर गिरना था। हालांकि जैसे ही ये मेज की ओर कूदे तब मेज का कोना इनके पेट से टकराया जिससे इनके आंतों को चोट पहुंची और इनके शरीर से काफी खून बह निकला था। इन्हें जहाज से फोरन स्पलेनक्टोमी के उपचार हेतु अस्पताल ले जाया गया और वहां ये कई महीनों तक अस्पताल में भर्ती रहे और कई बार मौत के मुंह में जाते जाते बचे। यह अफ़वाह भी फैल भी गई थी, कि वे एक दुर्घटना में मर गए हैं और संपूर्ण देश में इनके चाहने वालों की भारी भीड इनकी रक्षा के लिए दुआएं करने में जुट गयी थी। इस दुर्घटना की खबर दूर दूर तक फैल गई और यूके के अखबारों की सुर्खियों में छपने लगी जिसके बारे में कभी किसने सुना भी नहीं होगा। बहुत से भारतीयों ने मंदिरों में पूजा अर्चनाएं की और इन्हें बचाने के लिए अपने अंग अर्पण किए और बाद में जहां इनका उपचार किया जा रहा था उस अस्पताल के बाहर इनके चाहने वालों की मीलों लंबी कतारें दिखाई देती थी।[17]
तिसपर भी इन्होंने ठीक होने में कई महीने ले लिए और उस साल के अंत में एक लंबे अरसे के बाद पुन: काम करना आरंभ किया। यह फ़िल्म १९८३ में रिलीज हुई और आंशिक तौर पर बच्चन की दुर्घटना के असीम प्रचार के कारण बॉक्स ऑफिस पर सफल रही।[18]
निर्देशक मनमोहन देसाई ने कुली फ़िल्म में बच्चन की दुर्घटना के बाद फ़िल्म के कहानी का अंत बदल दिया था। इस फ़िल्म में बच्चन के चरित्र को वास्तव में मृत्यु प्राप्त होनी थी लेकिन बाद में स्क्रिप्‍ट में परिवर्तन करने के बाद उसे अंत में जीवित दिखाया गया। देसाई ने इनके बारे में कहा था कि ऐसे आदमी के लिए यह कहना बिल्‍कुल अनुपयुक्त होगा कि जो असली जीवन में मौत से लड़कर जीता हो उसे परदे पर मौत अपना ग्रास बना ले। इस रिलीज फ़िल्म में पहले सीन के अंत को जटिल मोड़ पर रोक दिया गया था और उसके नीचे एक केप्‍शन प्रकट होने लगा जिसमें अभिनेता के घायल होने की बात लिखी गई थी और इसमें दुर्घटना के प्रचार को सुनिश्चित किया गया था।[17]
बाद में ये मियासथीनिया ग्रेविस में उलझ गए जो या कुली में दुर्घटना के चलते या तो भारीमात्रा में दवाई लेने से हुआ या इन्हें जो बाहर से अतिरिक्त रक्त दिया गया था इसके कारण हुआ। उनकी बीमारी ने उन्हें मानसिक और शारीरिक दोनों रूप से कमजोर महसूस करने पर मजबूर कर दिया और उन्होंने फ़िल्मों में काम करने से सदा के लिए छुट्टी लेने और राजनीति में शामिल होने का निर्णन किया। यही वह समय था जब उनके मन में फ़िल्म कैरियर के संबंध में निराशावादी विचारधारा का जन्म हुआ और प्रत्येक शुक्रवार को रिलीज होने वाली नई फ़िल्म के प्रत्युत्तर के बारे में चिंतित रहते थे। प्रत्येक रिलीज से पहले वह नकारात्मक रवैये में जवाब देते थे कि यह फिल्म तो फ्लाप होगी।.[19]
 राजनीति: १९८४-१९८७ 
१९८४ में अमिताभ ने अभिनय से कुछ समय के लिए विश्राम ले लिया और अपने पुराने मित्र राजीव गांधी की सपोर्ट में राजनीति में कूद पड़े।[20] उन्होंने इलाहाबाद लोक सभा सीट से उत्तरप्रदेश के पूर्व मुख्यमंत्री एच.एन। बहुगुणा को इन्होंने आम चुनाव के इतिहास में (६८.२ %) के मार्जिन से विजय दर्ज करते हुए चुनाव में हराया था।[21] हालांकि इनका राजनीतिक कैरियर कुछ अवधि के लिए ही था, जिसके तीन साल बाद इन्होंने अपनी राजनीतिक अवधि को पूरा किए बिना त्याग दिया। इस त्यागपत्र के पीछे इनके भाई का बोफोर्स घोटाले|बोफोर्स विवाद में अखबार में नाम आना था, जिसके लिए इन्हें अदालत में जाना पड़ा।[22] इस मामले में बच्चन को दोषी नहीं पाया गया।
उनके पुराने मित्र अमरसिंह ने इनकी कंपनी एबीसीएल के फेल हो जाने के कारण आर्थिक संकट के समय इनकी मदद कीं। इसके बाद बच्चन ने अमरसिंह की राजनीतिक पाटी समाजवादी पार्टी को सहयोग देना शुरू कर दिया। जया बच्चन ने समाजवादी पार्टी ज्वाइन कर ली और राज्यसभा की सदस्या बन गई।[23] 
बच्चन ने समाजवादी पार्टी के लिए अपना समर्थन देना जारी रखा जिसमें राजनीतिक अभियान अर्थात प्रचार प्रसार करना शामिल था। इनकी इन गतिविधियों ने एक बार फिर मुसीबत में डाल दिया और इन्हें झूठे दावों के सिलसिलों में कि वे एक किसान हैं के संबंध में कानूनी कागजात जमा करने के लिए अदालत जाना पड़ा I[24]
बहुत कम लोग ऐसे हैं जो ये जानते हैं कि स्‍वयंभू प्रैस ने अमिताभ बच्‍चन पर प्रतिबंध लगा दिया था। स्टारडस्ट (पत्रिका)|स्‍टारडस्‍ट और कुछ अन्य पत्रिकाओं ने मिलकर एक संघ बनाया, जिसमें अमिताभ के शीर्ष पर रहते समय १५ वर्ष के लिए प्रतिबंध लगा दिया गया। इन्होंने अपने प्रकाशनों में अमिताभ के बारे में कुछ भी न छापने का निर्णय लिया। १९८९ के अंत तक बच्चन ने उनके सैटों पर प्रेस के प्रवेश पर प्रतिबंध लगा रखा था। लेकिन, वे किसी विशेष पत्रिका के खिलाफ़ नहीं थे।[25] ऐसा कहा गया है कि बच्चन ने कुछ पत्रिकाओं को प्रतिबंधित कर रखा था क्योंकि उनके बारे में इनमें जो कुछ प्रकाशित होता रहता था उसे वे पसंद नहीं करते थे और इसी के चलते एक बार उन्हें इसका अनुपालन करने के लिए अपने विशेषाधिकार का भी प्रयोग करना पड़ा।
 मंदी के कारण और सेवानिवृत्ति: १९८८ -१९९२ 
१९८८ में बच्चन फ़िल्मों में तीन साल की छोटी सी राजनीतिक अवधि के बाद वापस लौट आए और शहंशाह में शीर्षक भूमिका की जो बच्चन की वापसी के चलते बॉक्स आफिस पर सफल रही।[26] इस वापसी वाली फिल्म के बाद इनकी स्टार पावर क्षीण होती चली गई क्योंकि इनकी आने वाली सभी फिल्में बॉक्स ऑफिस पर असफल होती रहीं। १९९१ की हिट फिल्म हम (फिल्म)|हम से ऐसा लगा कि यह वर्तमान प्रवृति को बदल देगी किंतु इनकी बॉक्स आफिस पर लगातार असफलता के चलते सफलता का यह क्रम कुछ पल का ही था। उल्लेखनीय है कि हिट की कमी के बावजूद यह वह समय था जब अमिताभ बच्चन ने १९९० की फिल्‍म अग्निपथ में माफिया डॉन की यादगार भूमिका के लिए राष्ट्रीय फ़िल्म पुरस्कार, जीते। ऐसा लगता था कि अब ये वर्ष इनके अंतिम वर्ष होंगे क्योंकि अब इन्हें केवल कुछ समय के लिए ही परदे पर देखा जा सकेगा I१९९२ में खुदागवाह के रिलीज होने के बाद बच्चन ने अगले पांच वर्षों के लिए अपने आधे रिटायरमेंट की ओर चले गए। १९९४ में इनके देर से रिलीज होने वाली कुछ फिल्मों में से एक फिल्म इन्सान्यित रिलीज तो हुई लेकिन बॉक्स ऑफिस पर असफल रही।[27]
 निर्माता और अभिनय की वापसी १९९६ -१९९९ 
अस्थायी सेवानिवृत्ति की अवधि के दौरान बच्चन निर्माता बने और अमिताभ बच्चन कारपोरेशन लिमिटेड की स्थापना की। ए;बी;सी;एल;) १९९६ में वर्ष २००० तक १० बिलियन रूपए (लगभग २५० मिलियन अमरीकी डॉलर) वाली मनोरंजन की एक प्रमुख कंपनी बनने का सपना देखा। एबीसीएल की रणनीति में भारत के मनोरंजन उद्योग के सभी वर्गों के लिए उत्पाद एवं सेवाएं प्रचलित करना था। इसके ऑपरेशन में मुख्य धारा की व्यावसायिक फ़िल्म उत्पादन और वितरण, ऑडियो और वीडियो कैसेट डिस्क, उत्पादन और विपणन के टेलीविजन सॉफ्टवेयर, हस्ती और इवेन्ट प्रबंधन शामिल था। 
१९९६ में कंपनी के आरंभ होने के तुरंत बाद कंपनी द्वारा उत्पादित पहली फिल्म तेरे मेरे सपने थी जो बॉक्स ऑफिस पर विफल रही लेकिन अरशद वारसी दक्षिण और फिल्मों के सुपर स्टार सिमरन जैसे अभिनेताओं के करियर के लिए द्वार खोल दिए। एबीसीएल ने कुछ फिल्में बनाई लेकिन इनमें से कोई भी फिल्म कमाल नहीं दिखा सकी।
१९९७ में, एबीसीएल द्वारा निर्मित मृत्युदाता, फिल्म से बच्चन ने अपने अभिनय में वापसी का प्रयास किया। यद्यपि मृत्युदाता ने बच्चन की पूर्व एक्शन हीरो वाली छवि को वापस लाने की कोशिश की लेकिन एबीसीएल के उपक्रम, वाली फिल्म थी और विफलता दोनों के आर्थिक रूप से गंभीर है। एबीसीएल १९९७ में बंगलौर में आयोजित १९९६ की मिस वर्ल्ड सौंदर्य प्रतियोगिता, का प्रमुख प्रायोजक था और इसके खराब प्रबंधन के कारण इसे करोड़ों रूपए का नुकसान उठाना पड़ा था। इस घटनाक्रम और एबीसीएल के चारों ओर कानूनी लड़ाइयों और इस कार्यक्रम के विभिन्न गठबंधनों के परिणामस्वरूप यह तथ्य प्रकट हुआ कि एबीसीएल ने अपने अधिकांश उच्च स्तरीय प्रबंधकों को जरूरत से ज्यादा भुगतान किया है जिसके कारण वर्ष १९९७ में वह वित्तीय और क्रियाशील दोनों तरीके से ध्वस्त हो गई। कंपनी प्रशासन के हाथों में चली गई और बाद में इसे भारतीय उद्योग मंडल द्वारा असफल करार दे दिया गया। अप्रेल १९९९ में मुबंई उच्च न्यायालय ने बच्चन को अपने मुंबई वाले बंगला प्रतीक्षा और दो फ्लैटों को बेचने पर तब तक रोक लगा दी जब तक कैनरा बैंक की राशि के लौटाए जाने वाले मुकदमे का फैसला न हो जाए। बच्चन ने हालांकि दलील दी कि उन्होंने अपना बंग्ला सहारा इंडिया फाइनेंस के पास अपनी कंपनी के लिए कोष बढाने के लिए गिरवी रख दिया है।[28]
बाद में बच्चन ने अपने अभिनय के कैरियर को संवारने का प्रयास किया जिसमें उसे बड़े मियाँ छोटे मियाँ (१९९८)[29] से औसत सफलता मिली और सूर्यावंशम (१९९९)[30], से सकारात्मक समीक्षा प्राप्त हुई लेकिन तथापि मान लिया गया कि बच्चन की महिमा के दिन अब समाप्त हुए चूंकि उनके बाकी सभी फिल्में जैसे लाल बादशाह (१९९९) और हिंदुस्तान की कसम (१९९९) बॉक्स ऑफिस पर विफल रही हैं।
 टेलीविजन कैरियर 
वर्ष २००० में, एह्दिन्द्नेम्, म्ल्द्च्म्ल्द् बच्चन ने ब्रिटिश टेलीविजन शो के खेल, हू वाण्टस टु बी ए मिलियनेयर को भारत में अनुकूलन हेतु कदम बढाया। शीर्ष‍क कौन बनेगा करोड़पति.
जैसा कि इसने अधिकांशत: अन्य देशों में अपना कार्य किया था जहां इसे अपनाया गया था वहां इस कार्यक्रम को तत्काल और गहरी सफलता मिली जिसमें बच्चन के करिश्मे भी छोटे रूप में योगदान देते थे। यह माना जाता है कि बच्चन ने इस कार्यक्रम के संचालन के लिए साप्ताहिक प्रकरण के लिए अत्यधिक २५ लाख रुपए (२,५ लाख रुपए भारतीय, अमेरिकी डॉलर लगभग ६००००) लिए थे, जिसके कारण बच्चन और उनके परिवार को नैतिक और आर्थिक दोनों रूप से बल मिला। इससे पहले एबीसीएल के बुरी तरह असफल हो जाने से अमिताभ को गहरे झटके लगे थे। नवंबर २००० में केनरा बैंक ने भी इनके खिलाफ अपने मुकदमे को वापस ले लिया। बच्चन ने केबीसी का आयोजन नवंबर २००५ तक किया और इसकी सफलता ने फिल्म की लोकप्रियता के प्रति इनके द्वार फिर से खोल दिए।
 सत्ता में वापस लौटें: २००० - वर्तमान 
मोहब्बतें (२०००) फ़िल्म में स्क्रीन के सामने शाहरुख खान के साथ सह कलाकार के रूप में वापस लौट आए। 
[[चित्र:Amitabh Bachan award.jpg|thumb|right|250px|प्रतिभा देवीसिंह पाटिल ने हिंदी फ़िल्म ब्लैक में अमिताभ के अभिनय के लिए वर्ष २००५ का सर्वश्रेष्ठ फ़िल्म अभिनेता का फ़िल्मफेयर पुरस्कार दिया। 
सन् २००० में अमिताभ बच्चन जब आदित्य चोपड़ा, द्वारा निर्देशित यश चोपड़ा' की बॉक्स ऑफिस पर सुपर हिट फ़िल्म मोहब्बतें में भारत की वर्तमान घड़कन शाहरुख खान.के चरित्र में एक कठोर की भूमिका की तब इन्हें अपना खोया हुआ सम्मान पुन: प्राप्त हुआ। दर्शक ने बच्चन के काम की सराहना की है, क्योंकि उन्होंने एक ऐसे चरित्र की भूमिका निभाई, जिसकी उम्र उनकी स्वयं की उम्र जितनी थी और अपने पूर्व के एंग्री यंगमैन वाली छवि (जो अब नहीं है) के युवा व्यक्ति से मिलती जुलती भूमिका थी। इनकी अन्य सफल फ़िल्मों में बच्चन के साथ एक बड़े परिवार के पितृपुरुष के रूप में प्रदर्शित होने में एक रिश्ता:द बॉन्ड ओफ लव (२००१), कभी ख़ुशी कभी ग़म (२००१) और बागबान (२००३) हैं। एक अभिनेता के रूप में इन्होंने अपनी प्रोफाइल के साथ मेल खाने वाले चरित्रों की भूमिकाएं करनी जारी रखीं तथा अक्स (२००१), आंखें (२००२), खाकी (२००४), देव (२००४) और ब्लैक (२००५) जैसी फ़िल्मों के लिए इन्हें अपने आलोचकों की प्रशंसा भी प्राप्त हुई। इस पुनरुत्थान का लाभ उठाकर, अमिताभ ने बहुत से टेलीविज़न और बिलबोर्ड विज्ञापनों में उपस्थिति देकर विभिन्न किस्मों के उत्पाद एवं सेवाओं के प्रचार के लिए कार्य करना आरंभ कर दिया। 
२००५ और २००६ में उन्होंने अपने बेटे अभिषेक के साथ बंटी और बबली (२००५), द गॉडफ़ादर श्रद्धांजलि सरकार (२००५), और कभी अलविदा ना कहना (२००६) जैसी हिट फ़िल्मों में स्टार कलाकार की भूमिका की। ये सभी फ़िल्में बॉक्स ऑफिस पर अत्यधिक सफल रहीं।[31][32] २००६ और २००७ के शुरू में रिलीज उनकी फ़िल्मों में बाबुल  (२००६), और[33]एकलव्य , निशब्द|नि:शब्द  (२००७) बॉक्स ऑफिस पर असफल रहीं किंतु इनमें से प्रत्येक में अपने प्रदर्शन के लिए आलोचकों[34] से सराहना मिली। 
इन्होंने चंद्रशेखर नागाथाहल्ली द्वारा निर्देशित कन्नड़ फ़िल्म अमृतधारा में मेहमान कलाकार की भूमिका की है।
मई २००७ में, इनकी दो फ़िल्मों में से एक चीनी कम और बहु अभिनीत शूटआउट एट लोखंडवाला  रिलीज हुई<i data-parsoid='{""dsr"":[32078,32101,2,2]}'>शूटआउट एट लोखंडवाला बॉक्स ऑफिस पर बहुत अच्छी रही और भारत[35] में इसे हिट घोषित किया गया और चीनी कम ने धीमी गति से आरंभ होते हुए कुल मिलाकर औसत हिट का दर्जा पाया।[36]
अगस्त २००७ में, (१९७५) की सबसे बड़ी हिट फ़िल्म शोले की रीमेक बनाई गई और उसे राम गोपाल वर्मा की आग शीर्षक से जारी किया गया। इसमें इन्होंने बब्बन सिंह (मूल गब्बर सिंह के नाम से खलनायक की भूमिका अदा की जिसे स्वर्गीय अभिनेता अमजद ख़ान द्वारा १९७५ में मूल रूप से निभाया था। यह फ़िल्म बॉक्स ऑफिस पर बेहद नाकाम रही और आलोचना करने वालो ने भी इसकी कठोर निंदा की।[35]
उनकी पहली अंग्रेजी भाषा की फ़िल्म रितुपर्णा घोष द लास्ट ईयर का वर्ष २००७ में टोरंटो अंतरराष्ट्रीय फिल्म समारोह में ९ सितंबर, २००७ को प्रीमियर लांच किया गया। इन्हें अपने आलोचकों से सकारात्मक समीक्षाएं मिली हैं जिन्होंने स्वागत के रूप में ब्लेक.[37] में अपने सर्वश्रेष्ठ प्रदर्शन के बाद से अब तक सराहना की है।
बच्चन शांताराम नामक शीर्षक वाली एवं मीरा नायर द्वारा निर्देशित फ़िल्म में सहायक कलाकार की भूमिका करने जा रहे हैं जिसके सितारे हॉलीवुड अभिनेता जॉनी डेप हैं। इस फ़िल्म का फ़िल्मांकन फरवरी २००८ में शुरू होना था, लेकिन लेखक की हड़ताल की वजह से, इस फ़िल्म को सितम्बर २००८ में फ़िल्मांकन हेतु टाल दिया गया।[38]
९ मई २००८, भूतनाथ (फिल्म) फ़िल्म में इन्होंने भूत के रूप में शीर्षक भूमिका की जिसे रिलीज किया गया। जून २००८ में रिलीज हुई उनकी नवीनतम फ़िल्म सरकार राज  जो उनकी वर्ष २००५ में बनी फ़िल्म सरकार  का परिणाम है।
 स्वास्थ्य 
 २००५ अस्पताल में भर्ती 
नवंबर २००५ में, अमिताभ बच्चन को एक बार फिर लीलावती अस्पताल की आईसीयू में विपटीशोथ के छोटी आँत [39] की सर्जरी लिए भर्ती किया गया। उनके पेट में दर्द की शिकायत के कुछ दिन बाद ही ऐसा हुआ। इस अवधि के दौरान और ठीक होने के बाद उसकी ज्यादातर परियोजनाओं को रोक दिया गया जिसमें कौन बनेगा करोड़पति का संचालन करने की प्रक्रिया भी शामिल थी। भारत भी मानो मूक बना हुआ यथावत जैसा दिखाई देने लगा था और इनके चाहने वालों एवं प्रार्थनाओं के बाद देखने के लिए एक के बाद एक, हस्ती देखने के लिए आती थीं। इस घटना के समाचार संतृप्त कवरेज भर अखबारों और टीवी समाचार चैनल में फैल गए। अमिताभ मार्च २००६ में काम करने के लिए वापस लौट आए।[40]
 आवाज 
बच्चन अपनी जबरदस्त आवाज़ के लिए जाने जाते हैं। वे बहुत से कार्यक्रमों में एक वक्ता, पार्श्वगायक और प्रस्तोता रह चुके हैं। बच्चन की आवाज से प्रसिद्ध फ़िल्म निर्देशक सत्यजीत रे इतने प्रभावित हुए कि उन्होंने शतरंज के खिलाड़ी में इनकी आवाज़ का उपयोग कमेंटरी के लिए करने का निर्णय ले लिया क्योंकि उन्हें इनके लिए कोई उपयुक्त भूमिका नहीं मिला था।[41]
फ़िल्म उद्योग में प्रवेश करने से पहले, बच्चन ने ऑल इंडिया रेडियो में समाचार उद्घोषक, नामक पद हेतु नौकरी के लिए आवेदन किया जिसके लिए इन्हें अयोग्य घोषित कर दिया गया था।
 विवाद और आलोचना 
 बाराबंकी भूमि प्रकरण 
के लिए भागदौड़
उत्तर प्रदेश विधानसभा चुनाव, २००७,
अमिताभ बच्चन ने एक फ़िल्म बनाई जिसमें मुलायम सिंह सरकार के गुणगाणों का बखान किया गया था। उसका समाजवादी पार्टी मार्ग था और मायावती सत्ता में आई। 
२ जून, २००७, फैजाबाद अदालत ने इन्हें आदेश दिया कि इन्होंने भूमिहीन दलित किसानों के लिए विशेष रूप से आरक्षित भूमि को अवैध रूप से अधिग्रहीत किया है।[42] जालसाजी से संबंधित आरोंपों के लिए इनकी जांच की जा सकती है। जैसा कि उन्होंने दावा किया कि उन्हें कथित तौर पर एक किसान माना जाए[43] यदि वह कहीं भी कृषिभूमि के स्वामी के लिए उत्तीर्ण नहीं कर पाते हैं तब इन्हें 20 एकड़ फार्महाउस की भूमि को खोना पड़ सकता है जो उन्होंने मावल पुणे.[42] के निकट खरीदी थी। 
१९ जुलाई २००७ के बाद घेटाला खुलने के बाद बच्चन ने बाराबंकी उत्तर प्रदेश और पुणे में अधिग्रहण की गई भूमि को छोड़ दिया। उन्होंने महाराष्ट्र, के मुख्यमंत्री विलासराव देशमुख को उनके तथा उनके पुत्र अभिषेक बच्चन द्वारा पुणे[44] में अवैध रूप से अधिग्रहण भूमि को दान करने के लिए पत्र लिखा। हालाँकि, लखनऊ की अदालत ने भूमि दान पर रोक लगा दी और कहा कि इस भूमि को पूर्व स्थिति में ही रहने दिया जाए।
१२ अक्टूबर २००७ को, बच्चने ने बाराबंकी जिले[45] के दौलतपुर गांव की इस भूमि के दावे को छोड़ दिया। 
११ दिसम्बर २००७ को इलाहाबाद उच्च न्यायालय की लखनव खंडपीठ ने बाराबंकी जिले में इन्हें अवैध रूप से जमीन आंवटित करने के मामले में हरी झंडी दे दी। बच्चन को हरी झंडी देते हुए लखनऊ की एकल खंडपीठ के न्यायधीश ने कहा कि ऐसे कोई सबूत नहीं मिले हैं जिनसे प्रमाणित हो कि अभिनेता ने राजस्व अभिलेखों[46][47] में स्वयं के द्वारा कोई हेराफेरी अथवा फेरबदल किया हो।
बाराबंकी मामले में अपने पक्ष में सकारात्मक फैसला सुनने के बाद बच्चन ने महाराष्ट्र सरकार को सूचित किया कि पुणे जिले[48] की मारवल तहसील में वे अपनी जमीन का आत्मसमर्पण करने के लिए तैयार नहीं हैं।
 राज ठाकरे की आलोचना 
जनवरी २००८ में राजनीतिक रैलियों पर, महाराष्ट्र नवनिर्माण सेना के प्रमुख राज ठाकरे ने अमिताभ बच्चन को अपना निशाना बनाते हुए कहा कि ये अभिनेता महाराष्ट्र की तुलना में अपनी मातृभूमि के प्रति अधिक रूचि रखते हैं। उन्होंने अपनी बहू अभीनेत्री एश्वर्या राय बच्चन के नाम पर लड़कियों का एक विद्यालय महाराष्‍ट्र[49] के बजाय उत्तर प्रदेश के बाराबंकी में उद्घाटन के लिए अपनी नामंजूरी दी.मीडिया रिपोर्ट्स के अनुसार, अमिताभ के लिए राज की आलोचना, जिसकी वह प्रशंसा करते हैं, अमिताभ के पुत्र अभिषेक का ऐश्वर्या के साथ हुए विवाह में आमंत्रित न किए जाने के कारण उत्पन्न हुई जबकि उनसे अलग रह रहे चाचा बाल और चचेरे भाई उद्धव को आमंत्रित किया गया था।[50][51]
राज के आरोपों के जवाब में, अभिनेता की पत्नी जया बच्चन जो सपा सांसद हैं ने कहा कि वे (बच्चन परिवार) मुंबई में एक स्कूल खोलने की इच्छा रखते हैं बशर्ते एमएनएस के नेता उन्हें इसका निर्माण करने के लिए भूमि दान करें.उन्होंने मीडिया से कहा, "" मैंने सुना है कि राज ठाकरे के पास महाराष्ट्र में मुंबई में कोहिनूर मिल की बड़ी संपत्ति है। यदि वे भूमि दान देना चाहते हैं तब हम यहां ऐश्वर्या राय के नाम पर एक स्कूल चला चकते हैं।[52] इसके आवजूद अमिताभ ने इस मुद्दे पर कुछ भी कहने से इंकार कर दिया।
बाल ठाकरे ने आरोपों का खंडन करते हुए कहा कि अमिताभ बच्चन एक खुले दिमाग वाला व्यक्ति है और महाराष्ट्र के लिए उनके मन में विशेष प्रेम है जिन्हें कई अवसरों पर देखा जा चुका है।इस अभिनेता ने अक्सर कहा है कि महाराष्ट्र और खासतौर पर मुंबई ने उन्हें महान प्रसिद्धि और स्नेह दिया है। .उन्होंने यह भी कहा है कि वे आज जो कुछ भी हैं इसका श्रेय जनता द्वारा दिए गए प्रेम को जाता है। मुंबई के लोगों ने हमेशा उन्हें एक कलाकार के रूप में स्वीकार किया है। उनके खिलाफ़ इस प्रकार के संकीर्ण आरोप लगाना नितांत मूर्खता होगी। दुनिया भर में सुपर स्टार अमिताभ है। दुनिया भर के लोग उनका सम्मान करते हैं। इसे कोई भी नहीं भुला सकता है। अमिताभ को इन घटिया आरोपों की उपेक्षा करनी चाहिए और अपने अभिनय पर ध्यान केन्द्रित करना चाहिए।""[53]
कुछ रिपोर्टों के अनुसार अमिताभ की राज के द्वारा की गई गणना के अनुसार जिनकी उन्हें तारीफ करते हुए बताया जाता है, को बड़ी निराश हुई जब उन्हें अमिताभ के बेटे अभिषेक की ऐश्वर्या के साथ विवाह में आमंत्रित नहीं किया गया जबकि उनके रंजिशजदा चाचा बाल और चचेरे भाई उद्धव[50][51] को आमंत्रित किया गया था।
मार्च २३, २००८ को राज की टिप्पणियों के लगभग डेढ महीने बाद अमिताभ ने एक स्थानीय अखबार को साक्षात्कार देते हुए कह ही दिया कि, अकस्मात लगाए गए आरोप अकस्मात ही लगते हैं और उन्हें ऐसे किसी विशेष ध्यान की जरूरत नहीं है जो आप मुझसे अपेक्षा रखते हैं।[54] इसके बाद २८ मार्च को अंतर्राष्ट्रीय भारतीय फ़िल्म अकादमी के एक सम्मेलन में जब उनसे पूछा गया कि प्रवास विरोधी मुद्दे पर उनकी क्या राय है तब अमिताभ ने कहा कि यह देश में किसी भी स्थान पर रहने का एक मौलिक अधिकार है और संविधान ऐसा करने की अनुमति देता है।[55] उन्होंने यह भी कहा था कि वे राज की टिप्पणियों से प्रभावित नहीं है।[56]
पनामा पेपर्स के बाद पैराडाइज़ पेपर्स में भी अमिताभ बच्चन का नाम, KBC-1 के बाद विदेशी कंपनी में लगाया था पैसा
 पुरस्कार, सम्मान और पहचान 
 अमिताभ बच्चन  को सन २००१ में भारत सरकार ने कला क्षेत्र में पद्म भूषण से सम्मानित किया था। ये महाराष्ट्र से हैं।
 फिल्मोग्राफी 
 अभिनेता 

































































































































































































































































































































































































































































सालफ़िल्मभूमिकानोट्स१९६९ सात हिंदुस्तानीअनवर अलीविजेता, सर्वश्रेष्ठ नवागंतुक राष्ट्रीय फ़िल्म पुरस्कार भुवन सोम कमेन्टेटर (स्वर)१९७१ परवाना कुमार सेनआनंद डॉ॰ कुमार भास्करबनर्जी / बाबू मोशायविजेता, फिल्मफेयर सर्वश्रेष्ठ सहायक अभिनेता का पुरस्काररेश्मा और शेरा छोटू गुड्डी खुदप्यार की कहानी राम चन्द्र१९७२ संजोग मोहनबंसी बिरजू बिरजूपिया का घर अतिथि उपस्थितिएक नज़रमनमोहन आकाश त्यागीबावर्ची वर्णन करने वाला रास्ते का पत्थर जय शंकर रायबॉम्बे टू गोवा रवि कुमार१९७३ बड़ा कबूतर अतिथि उपस्थितिबंधे हाथ शामू और दीपक दोहरी भूमिकाज़ंजीर इंस्पेक्टर विजय खन्नामनोनीत, फिल्मफेयर सर्वश्रेष्ठ अभिनेता का पुरस्कारगहरी चाल )रतनअभिमान सुबीर कुमारसौदागर )मोतीनमक हराम विक्रम (विक्की)विजेता, फिल्मफेयर सर्वश्रेष्ठ सहायक अभिनेता का पुरस्कार१९७४ कुँवारा बाप ऍगस्टीनअतिथि उपस्थितिदोस्त आनंदअतिथि उपस्थितिकसौटी अमिताभ शर्मा (अमित)बेनाम अमित श्रीवास्तवरोटी कपड़ा और मकानविजयमजबूर रवि खन्ना१९७५ चुपके चुपकेसुकुमार सिन्हा / परिमल त्रिपाठीफरार राजेश (राज)मिली शेखर दयालदीवार विजय वर्मामनोनीत, फिल्मफेयर सर्वश्रेष्ठ अभिनेता का पुरस्कारज़मीरबादल / चिम्पूशोले जय (जयदेव)१९७६ दो अनजाने अमित रॉय / नरेश दत्तछोटी सी बात विशेष उपस्थितिकभी कभीअमित मल्होत्रामनोनीत, फिल्मफेयर सर्वश्रेष्ठ अभिनेता का पुरस्कारहेराफेरी विजय / इंस्पेक्टर हीराचंद१९७७ आलाप आलोक प्रसादचरणदास कव्वाली गायकविशेष उपस्थितिअमर अकबर एन्थोनी एंथोनी गॉन्सॉल्वेज़विजेता, फिल्मफेयर सर्वश्रेष्ठ अभिनेता का पुरस्कारशतरंज के खिलाड़ीवर्णन करने वाला अदालत धर्म / व राजूमनोनीत, फिल्मफेयर सर्वश्रेष्ठ अभिनेता का पुरस्कार. 
दोहरी भूमिकाइमान धर्म अहमद रज़ाखून पसीना शिवा/टाइगरपरवरिश अमित१९७८ बेशरम राम चन्द्र कुमार/
प्रिंस चंदशेखर गंगा की सौगंध जीवाकसमें वादे अमित / शंकरदोहरी भूमिकात्रिशूल विजय कुमारमनोनीत, फिल्मफेयर सर्वश्रेष्ठ अभिनेता का पुरस्कारडॉन डॉन / विजयविजेता, फिल्मफेयर सर्वश्रेष्ठ अभिनेता का पुरस्कार. 
दोहरी भूमिकामुकद्दर का सिकन्दर सिकंदरमनोनीत, फिल्मफेयर सर्वश्रेष्ठ अभिनेता का पुरस्कार१९७९ द ग्रेट गैम्बलरजय / इंस्पेक्टर विजयदोहरी भूमिकागोलमाल खुदविशेष उपस्थितिजुर्माना इन्दर सक्सेनामंज़िल अजय चन्द्रमि० नटवरलाल नटवरलाल / अवतार सिंहमनोनीत, फिल्मफेयर सर्वश्रेष्ठ अभिनेता का पुरस्कार और पुरुष पार्श्वगायक का सर्वश्रेष्ठ फ़िल्म पुरस्कार काला पत्थर विजय पाल सिंहमनोनीत, फिल्मफेयर सर्वश्रेष्ठ अभिनेता का पुरस्कारसुहाग अमित कपूर१९८० दो और दो पाँच विजय / रामदोस्ताना विजय वर्मामनोनीत, फिल्मफेयर सर्वश्रेष्ठ अभिनेता का पुरस्कारराम बलराम इंस्पेक्टर बलराम सिंहशान विजय कुमार१९८१ चश्मेबद्दूर विशेष उपस्थितिकमांडर अतिथि उपस्थितिनसीब जॉन जॉनी जनार्दनबरसात की एक रात एसीपी अभिजीत रायलावारिस हीरामनोनीत, फिल्मफेयर सर्वश्रेष्ठ अभिनेता का पुरस्कारसिलसिला (फिल्म)अमित मल्होत्रामनोनीत, फिल्मफेयर सर्वश्रेष्ठ अभिनेता का पुरस्कारयाराना किशन कुमारकालिया कल्लू / कालिया१९८२ सत्ते पे सत्ता रवि आनंद और बाबूदोहरी भूमिकाबेमिसाल डॉ॰ सुधीर रॉय और अधीर रायमनोनीत, फिल्मफेयर सर्वश्रेष्ठ अभिनेता का पुरस्कार. 
दोहरी भूमिकादेश प्रेमी मास्टर दीनानाथ और राजूदोहरी भूमिकानमक हलाल अर्जुन सिंहमनोनीत, फिल्मफेयर सर्वश्रेष्ठ अभिनेता का पुरस्कारखुद्दार गोविंद श्रीवास्तव / छोटू उस्तादशक्ति विजय कुमारमनोनीत, फिल्मफेयर सर्वश्रेष्ठ अभिनेता का पुरस्कार१९८३ नास्तिक शंकर (शेरू) / भोलाअंधा क़ानून जान निसार अख़्तर खानमनोनीत, फिल्मफेयर सर्वश्रेष्ठ सहायक अभिनेता का पुरस्कार. 
अतिथि उपस्थितिमहान राणा रनवीर, गुरु, और इंस्पेक्टर शंकरट्रिपल भूमिकापुकार रामदास / रोनी कुली  इकबाल ए॰ खान१९८४ इंकलाब'अमरनाथशराबी विक्की कपूर मनोनीत, फिल्मफेयर सर्वश्रेष्ठ अभिनेता का पुरस्कार१९८५ गिरफ्तार इंस्पेक्टर करण कुमार खन्नामर्द राजू "" मर्द "" तांगेवालामनोनीत, फिल्मफेयर सर्वश्रेष्ठ अभिनेता का पुरस्कार१९८६ एक रूका हुआ फैसला अतिथि उपस्थितिआखिरी रास्ता डेविड / विजयदोहरी भूमिका१९८७ जलवा खुदविशेष उपस्थितिकौन जीता कौन हारा खुदअतिथि उपस्थिति१९८८ सूरमा भोपाली अतिथि उपस्थितिशहंशाह इंस्पेक्टर विजय कुमार श्रीवास्तव 
 / शहंशाहमनोनीत, फिल्मफेयर सर्वश्रेष्ठ अभिनेता का पुरस्कारहीरो हीरालाल खुदविशेष उपस्थितिगंगा जमुना सरस्वतीगंगा प्रसाद१९८९ बंटवारा 'वर्णन करने वाला तूफान तूफान और श्यामदोहरी भूमिकाजादूगर गोगा गोगेश्‍वरमैं आज़ाद हूँआज़ाद१९९० अग्निपथ  विजय दीनानाथ चौहानविजेता,सर्वश्रेष्ठ अभिनेता के लिए राष्ट्रीय फ़िल्म पुरस्कार और मनोनीत फिल्मफेयर सर्वश्रेष्ठ अभिनेता का पुरस्कार,क्रोध विशेष उपस्थितिआज का अर्जुन भीमा१९९१ हम टाइगर / शेखरविजेता, फिल्मफेयर सर्वश्रेष्ठ अभिनेता का पुरस्कारअजूबा अजूबा / अलीइन्द्रजीत इन्द्रजीतअकेला इंस्पेक्टर विजय वर्मा१९९२ खुदागवाह बादशाह खानमनोनीत, फिल्मफेयर सर्वश्रेष्ठ अभिनेता का पुरस्कार१९९४ इन्सानियत  इंस्पेक्टर अमर१९९६ तेरे मेरे सपने वर्णन करने वाला १९९७ मृत्युदाता डॉ॰ राम प्रसाद घायल१९९८ मेजर साब मेजर जसबीर सिंह राणाबड़े मियाँ छोटे मियाँइंस्पेक्टर अर्जुन सिंह और बड़े मियाँदोहरी भूमिका१९९९ लाल बादशाह लाल "" बादशाह "" सिंह और रणबीर सिंहदोहरी भूमिकासूर्यवंशम भानु प्रताप सिंह ठाकुर और हीरा सिंहदोहरी भूमिकाहिंदुस्तान की कसम कबीरा कोहराम कर्नलबलबीर सिंह सोढी (देवराज हथौड़ा) 
 और दादा भाईहैलो ब्रदर व्हाइस ऑफ गोड २००० मोहब्बतेंनारायण शंकरविजेता, फिल्मफेयर सर्वश्रेष्ठ सहायक अभिनेता का पुरस्कार२००१ एक रिश्ता विजय कपूरलगानवर्णन करने वाला अक्स मनु वर्माविजेता, फ़िल्म समीक्षक पुरस्कार के लिए सर्वश्रेष्ठ प्रदर्शन और मनोनीत, फिल्मफेयर सर्वश्रेष्ठ अभिनेता का पुरस्कारकभी ख़ुशी कभी ग़मयशवर्धन यश रायचंदमनोनीत, फिल्मफेयर सर्वश्रेष्ठ सहायक अभिनेता का पुरस्कार२००२ आंखेंविजय सिंह राजपूतमनोनीत, फिल्मफेयर सर्वश्रेष्ठ सहायक अभिनेता का पुरस्कारहम किसी से कम नहींडॉ॰ रस्तोगीअग्नि वर्षा इंद्र (परमेश्वर)विशेष उपस्थितिकांटे यशवर्धन रामपाल / "" मेजर ""मनोनीत, फिल्मफेयर सर्वश्रेष्ठ अभिनेता का पुरस्कार२००३ खुशी वर्णन करने वाला अरमान डॉ॰ सिद्धार्थ सिन्हामुंबई से आया मेरा दोस्त वर्णन करने वाला बूमबड़े मियाबागबान राज मल्होत्रामनोनीत, फिल्मफेयर सर्वश्रेष्ठ अभिनेता का पुरस्कारफ़नटूश वर्णन करने वाला २००४ खाकी डीसीपीअनंत कुमार श्रीवास्तव मनोनीत, फिल्मफेयर सर्वश्रेष्ठ अभिनेता का पुरस्कारएतबार डॉ॰रनवीर मल्होत्रारूद्राक्ष वर्णन करने वाला इंसाफ वर्णन करने वाला देवडीसीपीदेव प्रताप सिंहलक्ष्य कर्नलसुनील दामलेदीवार मेजर रणवीर कौलक्यूं...!हो गया नाराज चौहानहम कौन है जॉन मेजर विलियम्स और 
फ्रैंक जेम्स विलियम्सदोहरी भूमिकावीर - जारासुमेर सिंह चौधरीमनोनीत, फिल्मफेयर सर्वश्रेष्ठ सहायक अभिनेता का पुरस्कार. 
विशेष उपस्थितिअब तुम्हारे हवाले वतन साथियो मेजर जनरल अमरजीत सिंह२००५ ब्लैक देवराज सहायदोहरे विजेता, फिल्मफेयर सर्वश्रेष्ठ अभिनेता का पुरस्कार &amp; फ़िल्म समीक्षक पुरस्कार के लिए सर्वश्रेष्ठ प्रदर्शन 
 विजेता, राष्ट्रीय फ़िल्म पुरस्कार के लिए सर्वश्रेष्ठ अभिनेतावक़्त ईश्‍वरचंद्र शरावत बंटी और बबली डीसीपी दशरथ सिंहमनोनीत, फिल्मफेयर सर्वश्रेष्ठ सहायक अभिनेता का पुरस्कारपरिणीता वर्णन करने वाला पहेली गड़रिया विशेष उपस्थितिसरकार सुभाष नागरे / "" सरकार ""मनोनीत, फिल्मफेयर सर्वश्रेष्ठ अभिनेता का पुरस्कारविरूद्ध विद्याधर पटवर्धन रामजी लंदनवाले खुदविशेष उपस्थितिदिल जो भी कहे शेखर सिन्हाएक अजनबीसूर्यवीर सिंहअमृतधाराखुदविशेष उपस्थिति कन्नड़ फ़िल्म२००६ परिवार वीरेन साहीडरना जरूरी है प्रोफेसरकभी अलविदा न कहना समरजित सिंह तलवार (आका.सेक्सी सैम)मनोनीत, फिल्मफेयर सर्वश्रेष्ठ सहायक अभिनेता का पुरस्कारबाबुल बलराज कपूर२००७ एकलव्य: द रॉयल गार्ड एकलव्यनिशब्द विजयचीनी कमबुद्धदेव गुप्ताशूटआऊट ऍट लोखंडवाला डिंगरा विशेष उपस्थितिझूम बराबर झूम सूत्रधारविशेष उपस्थितिराम गोपाल वर्मा की आगबब्बन सिंहओम शांति ओमखुदविशेष उपस्थितिद लास्ट इयऱ हरीश मिश्रा२००८ यार मेरी जिंदगी४ अप्रैल, २००८ को रिलीजभूतनाथ(कैलाश नाथ)सरकार राज सुभाष नाग्रेगोड तुस्सी ग्रेट होसर्वशक्तिमान ईश्वर२००९दिल्ली -6दादाजीअलादीनजिनपाऑरो२०१०रणतीन पत्तीप्रो वेंकट सुब्रमण्यमकंधारलोकनाथ शर्मा२०११बुड्ढा...होगा तेरा बापविजय मल्होत्राआरक्षण प्रभाकर आनंद२०१२मि० भट्टी ऑन छुट्टी स्वयंडिपार्टमेंट गायकवाड़ बोल बच्चन स्वयं इंग्लिश विंग्लिश  सहयात्री २०१३बॉम्बे टॉकीज़  स्वयं अतिथि उपस्थिति सत्याग्रह  बॉस  सूत्रधार कृश-३  सूत्रधार महाभारत  भीष्म (आवाज़) द ग्रेट गैट्सबी (अंग्रेजी फ़िल्म)  विशेष भूमिका२०१४ भूतनाथ रिटर्न्स मनम (तेलुगु फ़िल्म)२०१५ शमिताभ हे ब्रो पीकू२०१६ वज़ीर की एण्ड का टी३न पिंक  दीपक सहगल२०१७ द ग़ाज़ी अटैक सरकार ३2018ठग्स ऑफ हिंदोस्तान 
 निर्माता 
 [[तेरे मेरे सपने  (2015)
 उलासाम (तमिल) (१९९७)
 मृत्युदाता  (१९९७)
 मेजर साब  (१९९८)
 अक्स(२००१)
 विरूद्ध  (२००५)
 परिवार -- टायस ऑफ़ ब्लड  (२००६)
 पार्श्व गायक 
 द ग्रेट गैम्बलर 
 मि० नटवरलाल
 लावारिस (१९८१)
 नसीब (१९८१)
 सिलसिला (१९८१)
 महान (१९८३)
 पुकार (१९८३)
 शराबी (१९८४)
 तूफान (१९८९)
 जादूगर (१९८९)
 खुदागवाह (१९९२)
 मेजर साब (१९९८)
 सूर्यवंशम (१९९९)
 अक्स (२००१)
 कभी ख़ुशी कभी ग़म (२००१)
 आंखें (२००२ फ़िल्म) (२००२)
 अरमान (२००३)
 बागबान (२००३)
 देव (२००४)
 एतबार (२००४) 
 बाबुल (२००६)
 निशब्द (२००७)
 चीनी कम (२००७)
 भूतनाथ (२००८)
 पा
== हस्ताक्षर ==rathi
 वंश वृक्ष 
 robinrathi10@gmail.com
इन्हें भी देखें
 रजनीकान्त
 अक्षय कुमार
 ऋतिक रोशन
 सनी देओल
 अजय देवगन
 बाहरी कड़ियाँ 
  अमिताभ बच्चन के बारे में सम्पूर्ण जानकारी 


  (दैनिक भास्कर)
  (प्रवासी दुनिया)
  (नवभारत टाइम्स)
  at IMDb


 सन्दर्भ 



श्रेणी:1942 में जन्मे लोग
श्रेणी:भारतीय पुरुष आवाज अभिनेताओं
श्रेणी:जीवित लोग
श्रेणी:२००१ पद्म भूषण
श्रेणी:भारतीय फ़िल्म अभिनेता
श्रेणी:हिन्दी अभिनेता
श्रेणी:फ़िल्मफ़ेयर पुरस्कार विजेता
श्रेणी:श्रेष्ठ अभिनेता के लिए राष्ट्रीय फ़िल्म पुरस्कार विजेता
श्रेणी:पद्म विभूषण धारक",अमिताभ बच्चन ने सबसे पहले किस हिंदी फिल्म में अभिनय किया था?,सात हिंदुस्तानी
"मिशेल ओबामा  अमरीका के पूर्व राष्ट्रपति बराक ओबामा की पत्नी हैं , एवं अमरीका की प्रथम महिला रह चुकी हैं। 
 परिवार 
मिशेल की परवरिश दक्षिणी शिकागो में हुई है। उनके पिता वॉटर पंट में एक कर्मचारी थे और उनकी मां एक स्कूल में सचिव थीं। उन्होंने प्रिंसटन विश्वविद्यालय और हार्वर्ड लॉ स्कूल से ग्रेजुएशन किया है।
पहली डेट पर बराक और मिशेल स्पाइक ली की फिल्म डू द राइट थिंग देखने गए थे। इसके बाद उन्होंने अक्टूबर 1992 में शादी कर ली। मिशेल और उसके पति बराक ओबामा को इन विट्रो फर्टिलाइजेशन से दो बेटियों- मालिया एन (जन्म 1998) और नताशा (जिसे साशा के रूप में जाना जाता है, 2001 में पैदा हुआ) हैं।[1]
 शिक्षा 
मिशेल अपने अध्ययन काल में छात्र-राजनीति में काफी सक्रिय थीं। खासतौर पर नस्लभेद को लेकर उनके विचार काफी क्रांतिकारी हैं। वह अपने दिल में कोई बात छिपा कर नहीं रखती। जो सच्चाई होती है, वह सबके सामने बता देती हैं। उनकी बातों में मजाक और व्यंग्य की तल्खी भी महसूस की जा सकती है। कुछ लोग उन्हें 'एंग्री यंग 'लेडी' तक कहते हैं। जब बराक को पहली बार इलिनॉइस से सीनेटर चुना गया, तो उनका कहना था, 'मुझे पता है कि बराक एक न एक दिन कुछ ऐसा जरूर करेंगे, जिससे सारे देश की निगाहें उन पर टिक जाएंगी।'
 पत्नी रूप में 
जहां पहले महिलाएं बैक फुट पर रहकर या परदे के पीछे से अपने जीवन-साथी की मदद करती थीं मिशेल ने फ्रंट फुट पर आकर यह काम बड़ी खूबसूरती से किया। मजेदार बात यह है कि बराक के चुनाव अभियान में जोशीले अंदाज में भाग लेने के लिए उन्होंने एक मीठी सी शर्त रखी थी कि अगर बराक सिगरेट पीना छोड़ देगे तो वह न सिर्फ उनके चुनाव अभियान में ही भाग लेगी, बल्कि उन्हें राष्ट्रपति बनवाकर ही दम लेंगी। वैसे, मिशेल ओबामा को उनके अजीज तरह-तरह के नामों से जानते हैं। ग्लैमर वाइफ, मम इन चीफ, नेक्सट जैकी कैनडी जैसे नाम मिशेल के शुभचिंतकों ने ही उन्हें दिए हैं। वह न केवल अपने पति के सुख-दुख में उनका साथ पूरी तरह निभाती हैं, बल्कि कार्यरत होने के बावजूद बच्चों की जरूरतों का पूरा ख्याल रखती हैं। पेशे से वह वकील हैं, लिहाजा उनके पास तर्को की कोई कमी नहीं है। वह पूरी तरह से हाजिर जवाब हैं। उनकी इसी खासियत ने उन्हें प्रभावशाली तरीके से अपनी पति का चुनाव प्रचार संभालने में मदद की। मिशेल की मेहनत तब रंग लाई, जब 4 नवम्बर को ओबामा ने अमेरिकी राष्ट्रपति के रूप में वाइट हाउस पर दस्तक दी।
 ओबामा के मुख से 
बराक, मिशेल की तारीफ करते नहीं थकते। वह कहते हैं,""मिशेल मेरे परिवार की वह कड़ी हैं, जिससे सभी परिवार के सदस्य भावनात्मक रूप से जुड़े हैं। वह मेरी जिंदगी का प्यार है।"" मिशेल फायर ब्रैंड लेडी होने के साथ-साथ स्टाइल आइकॉन भी है। उन्होंने ओबामा के राष्ट्रपति बनने के दिन मशहूर वस्त्र विन्यासक नारकिसो रोड्रिग्स द्वारा विन्यासित पोशाक पहनी थी।
 पति के लिए लगन 
अमेरिकी राष्ट्रपति के चुनाव में ओबामा के रणनीतिकार डेविड एक्सरॉड कहते हैं, 'मिशेल मिलनसार और ईमानदार हैं। जो उनके दिमाक़ में होता हैं, वही ज़बान पर होता है। उनको इस बात की कोई परवाह नहीं होती कि उनकी बातों का दूसरा व्यक्ति राजनैतिक रूप से क्या मतलब निकोलगा। अपने बोलने के आक्रामक अंदाज के कारण वह कई बार मुश्किल में फंस चुकी हैं। हाल ही में ओबामा की चुनावी सभा में उनके मुंह से निकल गया था, ""आज जिंदगी में पहली बार मुझे अपने देश पर गर्व हो रहा है।"" इस पर आलोचकों ने तुरंत उनकी देशभक्ति पर सवाल उठाने शुरु कर दिये। लेकिन उनका परिवार, दोस्त, रिश्तेदार या परिचित, जो भी उन्हें करीब से जानता है, उनका कहना है, ""मिशेल ने अपनी पहचान अपने दम पर बनाई है और वो काफी बहादुर हैं।""
पिछले साल 'ग्लैमर' पत्रिका की लेखिका और फिल्म निर्माता स्पाइक ली की पत्नी टॉन्या लुईस ली ने कहा था, 'मिशेल को 1 बार देखने, के बाद मैं काफी डर गई थी। पर जब उनसे मुलाकात हुई तो उन्होंने न केवल गर्मजोशी से हाथ मिलाया, बल्कि मिलियन डॉलर की मुस्कराहट भी मेरी ओर फेंक दी, इतना हीं नहीं, उन्होंने मुझे गले से लगाया मुझे लगा कि मैं उन्हें बरसों से जानती हूं। एक दूसरे साक्षात्कार में मिशेल ने कहा था, ""जीवन में हर समय फूलों की सेज नहीं मिलती। कभी-कभी कांटों के बिस्तर पर भी सोना पड़ता है। ईश्वर की कृपा से, अब तक जिंदगी में वह मुश्किल दौर नहीं आया है। रोज सुबह उठकर मैं सिर्फ यही सोचती थी कि किस तरह यह चमत्कार ; ओबामा का राष्ट्रपति बनना मुमकिन होगा।""
राष्ट्रपति पद के लिए ओबामा की उम्मीदवारी का फैसला होते ही मिशेल ने खुद को पूरी तरह चुनाव प्रचार अभियान में झोंक दिया। अब महत्वपूर्ण युद्घ तो ओबामा जीत ही चुके हैं। अब उन्हें राष्ट्रपति पद की जिम्मेदारियों को बखूबी निभाना होगा, लेकिन मिशेल साथ हों, तो क्या चिंता। 20 जनवरी 2009 को मिशेल अमेरिका की प्रथम महिला बनेंगी। इसमें कोई शक नहीं कि अमेरिका के ऐतिहासिक चुनाव प्रचार की तरह मिशेल प्रशासन में ओबामा की योग्य सलाहकार बनेंगी, भले ही अनौपचारिक रूप से ही सही!
!
 मैडम तुसाद संग्रहालय में 
मैडम तुसाद संग्रहालय की वॉशिंगटन शाखा में अमेरिकी राष्ट्रपति बराक ओबामा की पत्नी मिशेल ओबामा का मोम का पुतला शोभा बढ़ाएगा। उल्लेखनीय है कि मैडम तुसाद संग्रहालय में मशहूर हस्तियों के मोम के पुतले बनाकर रखे जाते हैं।

 सन्दर्भ 

 विस्तृत पठन 
 Check date values in: |date= (help)
 Check date values in: |date= (help)
 Check date values in: |date= (help)
 बाहरी कड़ियाँ 


 , Whitehouse.gov
 , biographical entry at BarackObama.com
 , interview with Katie Couric of CBS News.
  in Newsweek
  at U.S.News &amp; World Report

















श्रेणी:अमरिका की प्रथम महिला",बराक ओबामा और मिशेल की शादी कब हुई?,अक्टूबर 1992
"कार्टून और कार्टूनिस्ट 
 व्युत्पत्ति 
अंग्रेजी के जाने पहचाने शब्द ‘‘कार्टून’’ की व्युत्पत्ति इतालवी के शब्द ‘‘कार्तोने’’ और डच भाषा के शब्द ‘‘कारटों’’ से हुई है। स्टेन-ग्लास या टेपेस्ट्री पर चित्रांकन या रेखांकन करने के लिए बहुत मोटे कागज पर जो स्केच/ या ड्राइंग की जाती थी - उसके लिए ये शब्द इतालवी और डच भाषाओं में आए। बाद में भित्ति चित्रकला में इस तकनीक का प्रयोग हुआ। जाने-माने चित्रकारों राफेल औरलियोनार्दो दा विन्ची  ने अपनी रचनाओं में कार्टून तकनीक का इस्तेमाल किया।
 ऐतिहासिक तथ्य 
	आधुनिक छापे-संदर्भों में, हास्य  व्यंग्य की सर्जना करने के उद्देश्य से बनाए जाने वाले रेखांकनों और चित्रों के लिए कालांतर में ये शब्द रूढ हो गया। १८८३ में ‘पंच’ ने राजनैतिक व्यंग्यात्मक रेखांकनों का यह सिलसिला चालू किया था।
	भारत में कार्टून कला की शुरुआत ब्रिटिश काल में मानी जाती है और केशव शंकर पिल्लै जिन्हें ‘‘शंकर’’ के नाम से भी जाना जाता है, को भारतीय कार्टून कला का पितामह कहा जाता है। शंकर ने 1932 में ‘हिन्दुस्तान टाइम्स’ में कार्टून बनाने प्रारम्भ किए। 1946 में अनवर अहमद हिंदुस्तान टाइम्स में  कार्टूनिस्ट शंकर की जगह पर नियुक्त हुए। 
शंकर के बाद भारत में धीरे धीरे कार्टून कला का विकास हुआ और आज भारत में हर प्रान्त और भाषा में कार्टूनिस्ट काम कर रहे हैं। शंकर के अलावा आर.के. लक्ष्मण, कुट्टी, मेनन, रंगा, मारियो मिरांडा, अबू अब्राहम, मीता रॉय,सुधीर तैलंग और शेखर गुरेरा अदि पचासों ऐसे नाम हैं जिन्होंने कार्टून-कला को आगे बढ़ाया है। आज प्रायः हर अखबार और पत्रिका ससम्मान व्यंग्यचित्रों को प्रकाशित करती है क्योंकि पाठकों का सबसे पहले ध्यान आकर्षित करने वाली सामग्री में कार्टून-कोने की अपनी खासमखास जगह जो है।
 भारत के प्रमुख कार्टूनिस्ट 
के. शंकर पिल्लई, आर. के. लक्ष्मण, अबू अब्राहम, रंगा, कुट्टी, (ई. पी.), उन्नी, प्राण, मारियो मिरांडा, रवींद्र, केशव, बाल ठाकरे, अनवर अहमद, मीता रॉय, जी. अरविन्दन, जयंतो बनर्जी, माया कामथ, कुट्टी, माधन, वसंत सरवटे, रविशंकर, आबिद सुरती, अजीत नैनन, काक, मिकी पटेल,  सुधीर दर,  सुधीर तैलंग, शेखर गुरेरा, राजेंद्र धोड़पकर, इस्माईल लहरी, आदि इस कला के कई जाने पहचाने नाम हैं। 
दूसरे कुछ भारतीय व्यंग्यचित्रकार माली, सुशील कालरा , नीरद, देवेन्द्र शर्मा, सुधीर गोस्वामी इंजी, मंजुला पद्मनाभन,  पी. के मंत्री, सलाम, प्रिया राज, तुलाल, येसुदासन, यूसुफ मुन्ना, चंदर, पोनप्पा, सतीश आचार्य, चन्दर, त्र्यम्बक शर्मा, अभिषेक तिवारी, इरफान, चंद्रशेखर हाडा, हरिओम तिवारी, गोपी कृष्णन, शरद शर्मा, शुभम गुप्ता, शिरीश, पवन, देवांशु वत्स, के. अनूप, राधाकृष्णन, अनुराज, के. आर. अरविंदन, धीमंत व्यास, धीर,  द्विजित, गिरीश वेंगर, सुरेन्द्र वर्मा, धनेश दिवाकर, ए. एस. नायर, नम्बूतिरी, शिवराम दत्तात्रेय फडणीस, शंकर परमार्थी, एन. पोनप्पा, गोपुलू. राजिंदर पुरी, के. के. राघव, माधन, माया कामथ, जी. अरविन्दन. नीलाभ बनर्जी, सुमंत बरुआ, चित्त्प्रसाद भट्टाचार्य, एम्. वी. धुरंधर, बी. एम् गफूर, जयराज, उस्मान (Irumpuzhi), जयराज, ऐस. जितेश, जनार्दन स्वामी, असीम त्रिवेदी, ओ.वी. विजयन, विन्स, येसुदासन, मोहन शिवानंद, मंजुल, जया गोस्वामी आदि अलग अलग भारतीय भाषाओँ में व्यंग्यचित्र बनाने वाले कलाकर्मी हैं।


बीकानेर के कार्टूनिस्ट: एक परंपरा: एक ही शहर के एक ही मोहल्ले में पचासों कार्टूनिस्ट एक साथ सक्रिय हों, ये बात सुनने में अजीब तो है पर सच है। 
अकेले बीकानेर शहर के 'गोस्वामी चौक' ने हिन्दी पत्रकारिता को शताधिक व्यंग्यकार दिए हैं जिनके व्यंग्यचित्र अक्सर समाचार  पत्रों और पत्रिकाओं के माध्यम से पाठकों का ध्यानाकर्षित करते आ रहे हैं। व्यंग्यचित्र-कला को विस्तार देने में बीकानेर में अकेले दाक्षिणात्य प्रवासी तैलंग समाज के कुछ व्यंग्य चित्रकारों का हिंदी की व्यंग्यचित्र कला के विकास में अनूठा योगदान रहा है। 
कार्टून के क्षेत्र में (पद्मश्री) सुधीर तैलंग, पंकज गोस्वामी, संकेत, सुधीर गोस्वामी ‘इन्जी’, सुशील गोस्वामी, शंकर रामचन्द्र राव तैलंग, अनूप गोस्वामी आदि कई कलाकार हैं जिन्होंने न केवल इस कला को परवान चढ़ाया अपितु, अपनी कला-साधना से वैयक्तिक ख्याति भी अर्जित की। हिंदी क्रिकेट कमेंटेटर प्रभात गोस्वामी के कार्टून्स भी लगभग एक दशक पूर्व विभिन्न पत्र-पत्रिकाओं में प्रकाशित हुए हैं। इन दिनों राहुल गोस्वामी, अवनीश कुमार गोस्वामी, अलंकार गोस्वामी जैसे अनेक युवा व किशोर कलाकार लगभग अविज्ञप्त रह कर बतौर अभिरुचि व्यंग्यचित्र के मैदान में तूलिका चला रहे हैं। 
एक समय वह भी था जब संभवतः कार्टूनिस्ट पंकज गोस्वामी के प्रभाव और प्रेरणा से व्यंग्यचित्र कला को ले कर बीकानेर के प्रसिद्ध गोस्वामी चौक में एक तूफानी उत्साह का दौर आ गया था, जब वहां का हर दूसरा तीसरा युवा व्यंग्यचित्र बनाता और छपवाता रहा था। इसी बात से प्रभावित हो कर विनोद दुआ ने बीकानेर के गोस्वामी चौक में बनाए जा रहे कार्टून- और उनके कलाकारों पर केन्द्रित एक रोचक  वृत्तचित्र  का निर्माण किया था- जिसका प्रसारण दूरदर्शन के विभिन्न चैनलों पर हुआ था।
 बाहरी कड़ियाँ

श्रेणी:चित्रकला",1946 में कौन हिंदुस्तान टाइम्स में कार्टूनिस्ट शंकर की जगह पर नियुक्त हुए?,अनवर अहमद
"दिल्ली समुद्रतल से ७०० से १००० फीट की ऊँचाई पर हिमालय से १६० किलोमीटर दक्षिण में यमुना नदी के किनारे पर बसा है। दिल्ली २८ डिग्री ६१' उत्तरी अक्षांश तथा ७७ डिग्री २३' पूर्वी देशांतर पर स्थित है। यह उत्तर, पश्चिम एवं दक्षिण तीन तरफं से हरियाणा राज्य तथा पूरब में उत्तर प्रदेश राज्य द्वारा घिरा हुआ है। राष्ट्रीय राजधानी क्षेत्र १,४८४ वर्ग किलोमीटर में फैला हुआ है, जिसमें शहरी क्षेत्र ७८३ वर्ग किलोमीटर तथा ग्रामीण क्षेत्र ७०० किलोमीटर है। इसकी अधिकतम लम्बाई ५१ किलोमीटर तथा अधिकतम चौड़ाई ४८.४८ किलोमीटर है।

राष्ट्रीय राजधानी क्षेत्र दिल्ली 1,484km2 (573sqmi) में विस्तृत है, जिसमें से 783km2 (302sqmi) भाग ग्रामीण और 700km2 (270sqmi) भाग शहरी घोषित है। दिल्ली उत्तर-दक्षिण में अधिकतम 51.9km (32mi) है और पूर्व-पश्चिम में अधिकतम चौढ़ाई 48.48km (30mi) है। दिल्ली के अनुरक्षण हेतु तीन संस्थाएं कार्यरत है:-
 दिल्ली नगर निगम:निगम विश्व की सबसे बड़ी नगर पालिका संगठन है, जो कि अनुमानित १३७.८० लाख नागरिकों (क्षेत्रफल 1,397.3km2 or 540sqmi) को नागरिक सेवाएं प्रदान करती है। यह क्षेत्रफ़ल के हिसाब से भी मात्र टोक्यो से ही पीछे है।""[1]. नगर निगम १३९७ वर्ग कि॰मी॰ का क्षेत्र देखती है। 
 नई दिल्ली नगरपालिका परिषद: (एन डी एम सी) (क्षेत्रफल 42.7km2 or 16sqmi) नई दिल्ली की नगरपालिका परिषद का नाम है। इसके अधीन आने वाला कार्यक्षेत्र एन डी एम सी क्षेत्र कहलाता है।
 दिल्ली छावनी बोर्ड: (क्षेत्रफल (43km2 or 17sqmi)[2] जो दिल्ली के छावनी क्षेत्रों को देखता है।
दिल्ली एक अति-विस्तृत क्षेत्र है। यह अपने चरम पर उत्तर में सरूप नगर से दक्षिण में रजोकरी तक फैला है। पश्चिमतम छोर नजफगढ़ से पूर्व में यमुना नदी तक (तुलनात्मक परंपरागत पूर्वी छोर)। वैसे शाहदरा, भजनपुरा, आदि इसके पूर्वतम छोर होने के साथ ही बड़े बाज़ारों में भी आते हैं। रा.रा.क्षेत्र में उपरोक्त सीमाओं से लगे निकटवर्ती प्रदेशों के नोएडा, गुड़गांव आदि क्षेत्र भी आते हैं। दिल्ली की भू-प्रकृति बहुत बदलती हुई है। यह उत्तर में समतल कृषि मैदानों से लेकर दक्षिण में शुष्क अरावली पर्वत के आरंभ तक बदलती है। दिल्ली के दक्षिण में बड़ी प्राकृतिक झीलें हुआ करती थीं, जो अब अत्यधिक खनन के कारण सूखाती चली गईं हैं। इनमें से एक है बड़खल झील। यमुना नदी शहर के पूर्वी क्षेत्रों को अलग करती है। ये क्षेत्र यमुना पार कहलाते हैं, वैसे ये नई दिल्ली से बहुत से पुलों द्वारा भली-भांति जुड़े हुए हैं। दिल्ली मेट्रो भी अभी दो पुलों द्वारा नदी को पार करती है।
दिल्ली  पर उत्तरी भारत में बसा हुआ है। यह समुद्रतल से ७०० से १००० फीट की ऊँचाई पर हिमालय से १६० किलोमीटर दक्षिण में यमुना नदी के किनारे पर बसा है। यह उत्तर, पश्चिम एवं दक्षिण तीन तरफं से हरियाणा राज्य तथा पूर्व में उत्तर प्रदेश राज्य द्वारा घिरा हुआ है। दिल्ली लगभग पूर्णतया गांगेय क्षेत्र में स्थित है। दिल्ली के भूगोल के दो प्रधान अंग हैं यमुना सिंचित समतल एवं दिल्ली रिज (पहाड़ी)। अपेक्षाकृत निचले स्तर पर स्थित मैदानी उपत्यकाकृषि हेतु उत्कृष्ट भूमि उपलब्ध कराती है, हालांकि ये बाढ़ संभावित क्षेत्र रहे हैं। ये दिल्ली के पूर्वी ओर हैं। और पश्चिमी ओर रिज क्षेत्र है। इसकी अधिकतम ऊंचाई ३१८ मी.(१०४३ फी.)[3] तक जाती है। यह दक्षिण में अरावली पर्वतमाला से आरंभ होकर शहर के पश्चिमी, उत्तर-पश्चिमी एवं उत्तर-पूर्वी क्षेत्रों तक फैले हैं। दिल्ली की जीवनरेखा यमुना हिन्दू धर्म में अति पवित्र नदियों में से एक है। एक अन्य छोटी नदी हिंडन नदी पूर्वी दिल्ली को गाजियाबाद से अलग करती है। दिल्ली सीज़्मिक क्षेत्र-IV में आने से इसे बड़े भूकम्पों का संभावी बनाती है।[4]
 जल संपदा 
भूमिगत जलभृत लाखों वर्षों से प्राकृतिक रूप से नदियों और बरसाती धाराओं से नवजीवन पाते रहे हैं। भारत में गंगा-यमुना का मैदान ऐसा क्षेत्र है, जिसमें सबसे उत्तम जल संसाधन मौजूद हैं। यहाँ अच्छी वर्षा होती है और हिमालय के ग्लेशियरों से निकलने वाली सदानीरा नदियाँ बहती हैं। दिल्ली जैसे कुछ क्षेत्रों में भी कुछ ऐसा ही है। इसके दक्षिणी पठारी क्षेत्र का ढलाव समतल भाग की ओर है, जिसमें पहाड़ी श्रृंखलाओं ने प्राकृतिक झीलें बना दी हैं। पहाड़ियों पर का प्राकृतिक वनाच्छादन कई बारहमासी जलधाराओं का उद्गम स्थल हुआ करता था।[5]
व्यापारिक केन्द्र के रूप में दिल्ली का आज जो उत्कर्ष है; उसका कारण यहाँ चौड़ी पाट की एक यातायात योग्य नदी यमुना का होना ही है; जिसमें माल ढुलाई भी की जा सकती थी। 500 ई. पूर्व में भी निश्चित ही यह एक ऐसी ऐश्वर्यशाली नगरी थी, जिसकी संपत्तियों की रक्षा के लिए नगर प्राचीर बनाने की आवश्यकता पड़ी थी। सलीमगढ़ और पुराना किला की खुदाइयों में प्राप्त तथ्यों और पुराना किला से इसके इतने प्राचीन नगर होने के प्रमाण मिलते हैं। एक हजार ईस्वी सन् के बाद से तो इसके इतिहास, इसके युध्दापदाओं और उनसे बदलने वाले राजवंशों का पर्याप्त विवरण मिलता है।
भौगोलिक दृष्टि से अरावली की श्रृंखलाओं से घिरे होने के कारण दिल्ली की शहरी बस्तियों को कुछ विशेष उपहार मिले हैं। अरावली श्रृंखला और उसके प्राकृतिक वनों से तीन बारहमासी नदियाँ दिल्ली के मध्य से बहती यमुना में मिलती थीं। दक्षिण एशियाई भूसंरचनात्मक परिवर्तन से अब यमुना अपने पुराने मार्ग से पूर्व की ओर बीस किलोमीटर हट गई है।[6] 3000 ई. पूर्व में ये नदी दिल्ली में वर्तमान 'रिज' के पश्चिम में होकर बहती थी। उसी युग में अरावली की श्रृंखलाओं के दूसरी ओर सरस्वती नदी बहती थी, जो पहले तो पश्चिम की ओर सरकी और बाद में भौगोलिक संरचना में भूमिगत होकर पूर्णत: लुप्त हो गई।
एक अंग्रेज द्वारा १८०७ में किए गए सर्वेक्षण के आधार पर बने उपर्युक्त नक्शे में वह जलधाराएं दिखाई गई हैं, जो दिल्ली की यमुना में मिलती थीं। एक तिलपत की पहाड़ियों में दक्षिण से उत्तर की ओर बहती थी, तो दूसरी हौजखास में अनेक सहायक धाराओं को समेटते हुए पूर्वाभिमुख बहती बारापुला के स्थान पर निजामुद्दीन के ऊपरी यमुना प्रवाह में जाकर मिलती थी। एक तीसरी और इनसे बड़ी धारा जिसे साहिबी नदी (पूर्व नाम रोहिणी) कहते थे। दक्षिण-पश्चिम से निकल कर रिज के उत्तर में यमुना में मिलती थी। ऐसा लगता है कि विवर्तनिक हलचल के कारण इसके बहाव का निचाई वाला भूभाग कुछ ऊंचा हो गया, जिससे इसका यमुना में गिरना रूक गया। पिछले मार्ग से इसका ज्यादा पानी नजफगढ़ झील में जाने लगा। कोई ७० वर्ष पहले तक इस झील का आकार २२० वर्ग किलोमीटर होता था। अंग्रेजों ने साहिबी नदी की गाद निकालकर तल सफ़ाई करके नाला नजफगढ़ का नाम दिया और इसे यमुना में मिला दिया। यही जलधाराएं और यमुना-दिल्ली में अरावली की श्रृंखलाओं के कटोरे में बसने वाली अनेक बस्तियों और राजधानियों को सदा पर्याप्त पानी उपलब्ध कराती आईं थीं।
हिमालय के हिमनदों से निकलने के कारण यमुना सदानीरा रही और आज भी है। परंतु अन्य उपरोक्त उपनदियां अब से २०० वर्ष पूर्व तक ही, जब तक कि अरावली की पर्वतमाला प्राकृतिक वन से ढकी रहीं तभी तक बारहमासी रह सकीं। खेद है कि दिल्ली में वनों का कटान खिलजियों के समय से ही शुरू हो गया था। इस्लाम स्वीकार न करने वाले स्थानीय विद्रोहियों और लूटपाट करने वाले मेवों का दमन करने के लिए ऐसा किया गया था। साथ ही बढ़ती शहरी आबादी के भार से भी वन प्रांत सिकुड़ा है। इसके चलते वनांचल में संरक्षित वर्षा जल का अवक्षय हुआ।
अंग्रेजी शासन के दौरान दिल्ली में सड़कों के निर्माण और बाढ़ अवरोधी बांध बनाने से पर्यावरण परिवर्तन के कारण ये जलधाराएं वर्ष में ग्रीष्म के समय सूख जाने लगीं। स्वतंत्रता के बाद के समय में बरसाती नालों, फुटपाथों और गलियों को सीमेंट से पक्का किया गया, इससे इन धाराओं को जल पहुंचाने वाले स्वाभाविक मार्ग अवरुद्ध हो गये। ऐसी दशा में, जहां इन्हें रास्ता नहीं मिला, वहाँ वे मानसून में बरसाती नालों की तरह उफनने लगीं। विशद रूप में सीमेंट कंक्रीट के निर्माणों के कारण उन्हें भूमिगत जलभृत्तों या नदी में मिलाने का उपाय नहीं रह गया है। आज इन नदियों में नगर का अधिकतर मैला ही गिरता है।
 सन्दर्भ 

श्रेणी:दिल्ली",दिल्ली का क्षेत्रफल कितना है?,"१,४८४ वर्ग किलोमीटर"
"नर्मदा, जिसे रेवा के नाम से भी जाना जाता है, मध्य भारत की एक नदी और भारतीय उपमहाद्वीप की पांचवीं सबसे लंबी नदी है। यह गोदावरी नदी और कृष्णा नदी के बाद भारत के अंदर बहने वाली तीसरी सबसे लंबी नदी है। मध्य प्रदेश राज्य में इसके विशाल योगदान के कारण इसे ""मध्य प्रदेश की जीवन रेखा"" भी कहा जाता है। यह उत्तर और दक्षिण भारत के बीच एक पारंपरिक सीमा की तरह कार्य करती है। यह अपने उद्गम से पश्चिम की ओर 1,312 किमी चल कर खंभात की खाड़ी, अरब सागर में जा मिलती है।
नर्मदा, मध्य भारत के मध्य प्रदेश और गुजरात राज्य में बहने वाली एक प्रमुख नदी है। मैकल पर्वत के अमरकण्टक शिखर से नर्मदा नदी की उत्पत्ति हुई है। इसकी लम्बाई प्रायः 1312 किलोमीटर है। यह नदी पश्चिम की तरफ जाकर खम्बात की खाड़ी में गिरती है।
 उद्गम एवं मार्ग 





नर्मदा नदी का उद्गम मध्यप्रदेश के अनूपपुर जिले में विंध्याचल और सतपुड़ा पर्वतश्रेणियों के पूर्वी संधिस्थल पर स्थित अमरकंटक में नर्मदा कुंड से हुआ है। 
नदी पश्चिम की ओर सोनमुद से बहती हुई, एक चट्टान से नीचे गिरती हुई कपिलधारा नाम की एक जलप्रपात बनाती है। घुमावदार मार्ग और प्रबल वेग के साथ घने जंगलो और चट्टानों को पार करते हुए रामनगर के जर्जर महल तक पहुँचती हैं। आगे दक्षिण-पूर्व की ओर, रामनगर और मंडला (25 किमी (15.5 मील)) के बीच, यहाँ जलमार्ग अपेक्षाकृत चट्टानी बाधाओं से रहित सीधे एवं गहरे पानी के साथ है। बंजर नदी बाईं ओर से जुड़ जाता है। नदी आगे एक संकीर्ण लूप में उत्तर-पश्चिम में जबलपुर पहुँचती है। शहर के करीब, नदी भेड़ाघाट के पास करीब 9 मीटर का जल-प्रपात बनाती हैं जो की धुआँधार के नाम से प्रसिद्ध हैं, आगे यह लगभग 3 किमी तक एक गहरी संकीर्ण चैनल में मैग्नीशियम चूनापत्थर और बेसाल्ट चट्टानों जिसे संगमरमर चट्टान भी कहते हैं के माध्यम से बहती है, यहाँ पर नदी 80 मीटर के अपने पाट से संकुचित होकर मात्र 18 मीटर की चौड़ाई के साथ बहती हैं। आगे इस क्षेत्र से अरब सागर में अपनी मिलान तक, नर्मदा उत्तर में विंध्य पट्टियों और दक्षिण में सतपुड़ा रेंज के बीच तीन संकीर्ण घाटियों में प्रवेश करती है। घाटी का दक्षिणी विस्तार अधिकतर स्थानों पर फैला हुआ है। 
संगमरमर चट्टानों से निकलते हुए नदी अपनी पहली जलोढ़ मिट्टी के उपजाऊ मैदान में प्रवेश करती है, जिसे ""नर्मदाघाटी"" कहते हैं। जो लगभग 320 किमी (198.8 मील) तक फैली हुई है, यहाँ दक्षिण में नदी की औसत चौड़ाई 35 किमी (21.7 मील) हो जाती है। वही उत्तर में, बर्ना-बरेली घाटी पर सीमित होती जाती है जो की होशंगाबाद के बरखरा पहाड़ियों के बाद समाप्त होती है। हालांकि, कन्नोद मैदानों से यह फिर पहाड़ियों में आ जाती हैं। यह नर्मदा की पहली घाटी में है, जहां दक्षिण की ओर से कई महत्वपूर्ण सहायक नदियाँ आकर इसमें शामिल होती हैं और सतपुड़ा पहाड़ियों के उत्तरी ढलानों से पानी लाती हैं। जिनमे: शार, शाककर, दधी, तवा (सबसे बड़ी सहायक नदी) और गंजल साहिल हैं। हिरन, बरना, चोरल , करम और लोहर, जैसी महत्वपूर्ण सहायक नदियां उत्तर से आकर जुड़ती हैं।
हंडिया और नेमावर से नीचे हिरन जल-प्रपात तक, नदी दोनों ओर से पहाड़ियों से घिरी हुई है। इस भाग पर नदी का चरित्र भिन्न दिखाई देता है। ओंकारेश्वर द्वीप, जोकि भगवान शिव को समर्पित हैं, मध्य प्रदेश का सबसे महत्वपूर्ण नदी द्वीप है। सिकता और कावेरी, खण्डवा मैदान के नीचे आकर नदी से मिलते हैं। दो स्थानों पर, नेमावर से करीब 40 किमी पर मंधार पर और पंसासा के करीब 40 किमी पर ददराई में, नदी लगभग 12 मीटर (39.4 फीट) की ऊंचाई से गिरती है। 
बरेली के निकट कुछ किलोमीटर और आगरा-मुंबई रोड घाट, राष्ट्रीय राजमार्ग 3, से नीचे नर्मदा मंडलेश्वर मैदान में प्रवेश करती है, जो कि 180 किमी (111.8 मील) लंबा है। बेसिन की उत्तरी पट्टी केवल 25 किमी (15.5 मील) है। यह घाटी साहेश्वर धारा जल-प्रपात पर जा कर ख़त्म होती है। 
मकरई के नीचे, नदी बड़ोदरा जिले और नर्मदा जिला के बीच बहती है और फिर गुजरात राज्य के भरूच जिला के समृद्ध मैदान के माध्यम से बहती है। यहाँ नदी के किनारे, सालो से बाह कर आये जलोढ़ मिट्टी, गांठदार चूना पत्थर और रेत की बजरी से पटे हुए हैं। नदी की चौड़ाई मकराई पर लगभग 1.5 किमी (0.9 मील), भरूच के पास और 3 किमी तथा कैम्बे की खाड़ी के मुहाने में 21 किमी (13.0 मील) तक फैली हुई बेसीन बनाती हुई अरब सागर में विलिन हो जाती है।
 हिन्दू धर्म में महत्व 

नर्मदा, समूचे विश्व में दिव्य व रहस्यमयी नदी है,इसकी महिमा का वर्णन चारों वेदों की व्याख्या में श्री विष्णु के अवतार वेदव्यास जी ने स्कन्द पुराण के रेवाखंड़ में किया है। इस नदी का प्राकट्य ही, विष्णु द्वारा अवतारों में किए राक्षस-वध के प्रायश्चित के लिए ही प्रभु शिव द्वारा अमरकण्टक (जिला शहडोल, मध्यप्रदेश जबलपुर-विलासपुर रेल लाईन-उडिसा मध्यप्रदेश ककी सीमा पर) के मैकल पर्वत पर कृपा सागर भगवान शंकर द्वारा १२ वर्ष की दिव्य कन्या के रूप में किया गया। महारूपवती होने के कारण विष्णु आदि देवताओं ने इस कन्या का नामकरण नर्मदा किया। इस दिव्य कन्या नर्मदा ने उत्तर वाहिनी गंगा के तट पर काशी के पंचक्रोशी क्षेत्र में १०,००० दिव्य वर्षों तक तपस्या करके प्रभु शिव से निम्न ऐसे वरदान प्राप्त किये जो कि अन्य किसी नदी और तीर्थ के पास नहीं है:'
प्रलय में भी मेरा नाश न हो। मैं विश्व में एकमात्र पाप-नाशिनी प्रसिद्ध होऊँ, यह अवधि अब समाप्त हो चुकी है। मेरा हर पाषाण (नर्मदेश्वर) शिवलिंग के रूप में बिना प्राण-प्रतिष्ठा के पूजित हो। विश्व में हर शिव-मंदिर में इसी दिव्य नदी के नर्मदेश्वर शिवलिंग विराजमान है। कई लोग जो इस रहस्य को नहीं जानते वे दूसरे पाषाण से निर्मित शिवलिंग स्थापित करते हैं ऐसे शिवलिंग भी स्थापित किये जा सकते हैं परन्तु उनकी प्राण-प्रतिष्ठा अनिवार्य है। जबकि श्री नर्मदेश्वर शिवलिंग बिना प्राण के पूजित है। मेरे (नर्मदा) के तट पर शिव-पार्वती सहित सभी देवता निवास करें।
सभी देवता, ऋषि मुनि, गणेश, कार्तिकेय, राम, लक्ष्मण, हनुमान आदि ने नर्मदा तट पर ही तपस्या करके सिद्धियाँ प्राप्त की। दिव्य नदी नर्मदा के दक्षिण तट पर सूर्य द्वारा तपस्या करके आदित्येश्वर तीर्थ स्थापित है। इस तीर्थ पर (अकाल पड़ने पर) ऋषियों द्वारा तपस्या की। उनकी तपस्या से प्रसन्न होकर दिव्य नदी नर्मदा १२ वर्ष की कन्या के रूप में प्रकट हो गई तब ऋषियों ने नर्मदा की स्तुति की। तब नर्मदा ऋषियों से बोली कि मेरे (नर्मदा के) तट पर देहधारी सद्गुरू से दीक्षा लेकर तपस्या करने पर ही प्रभु शिव की पूर्ण कृपा प्राप्त होती है। इस आदित्येश्वर तीर्थ पर हमारा आश्रम अपने भक्तों के अनुष्ठान करता है।
किंवदंती (लोक कथायें)
नर्मदा नदी को लेकर कई लोक कथायें प्रचलित हैं एक कहानी के अनुसार नर्मदा जिसे रेवा के नाम से भी जाना जाता है और राजा मैखल की पुत्री है। उन्होंने नर्मदा से शादी के लिए घोषणा की कि जो राजकुमार गुलबकावली के फूल उनकी बेटी के लिए लाएगा, उसके साथ नर्मदा का विवाह होगा। सोनभद्र यह फूल ले आए और उनका विवाह तय हो गया। दोनों की शादी में कुछ दिनों का समय था। नर्मदा सोनभद्र से कभी मिली नहीं थीं। उन्होंने अपनी दासी जुहिला के हाथों सोनभद्र के लिए एक संदेश भेजा। जुहिला ने नर्मदा से राजकुमारी के वस्त्र और आभूषण मांगे और उसे पहनकर वह सोनभद्र से मिलने चली गईं। सोनभद्र ने जुहिला को ही राजकुमारी समझ लिया। जुहिला की नियत भी डगमगा गई और वह सोनभद्र का प्रणय निवेदन ठुकरा नहीं पाई। काफी समय बीता, जुहिला नहीं आई, तो नर्मदा का सब्र का बांध टूट गया। वह खुद सोनभद्र से मिलने चल पड़ीं। वहां जाकर देखा तो जुहिला और सोनभद्र को एक साथ पाया। इससे नाराज होकर वह उल्टी दिशा में चल पड़ीं। उसके बाद से नर्मदा बंगाल सागर की बजाय अरब सागर में जाकर मिल गईं।
एक अन्य कहानी के अनुसार सोनभद्र नदी को नद (नदी का पुरुष रूप) कहा जाता है। दोनों के घर पास थे। अमरकंटक की पहाडिय़ों में दोनों का बचपन बीता। दोनों किशोर हुए तो लगाव और बढ़ा। दोनों ने साथ जीने की कसमें खाई, लेकिन अचानक दोनों के जीवन में जुहिला आ गई। जुहिला नर्मदा की सखी थी। सोनभद्र जुहिला के प्रेम में पड़ गया। नर्मदा को यह पता चला तो उन्होंने सोनभद्र को समझाने की कोशिश की, लेकिन सोनभद्र नहीं माना। इससे नाराज होकर नर्मदा दूसरी दिशा में चल पड़ी और हमेशा कुंवारी रहने की कसम खाई। कहा जाता है कि इसीलिए सभी प्रमुख नदियां बंगाल की खाड़ी में मिलती हैं,लेकिन नर्मदा अरब सागर में मिलती है।
 ग्रंथों में उल्लेख 
रामायण तथा महाभारत और परवर्ती ग्रंथों में इस नदी के विषय में अनेक उल्लेख हैं। पौराणिक अनुश्रुति के अनुसार नर्मदा की एक नहर किसी सोमवंशी राजा ने निकाली थी जिससे उसका नाम सोमोद्भवा भी पड़ गया था। गुप्तकालीन अमरकोशमें भी नर्मदा को 'सोमोद्भवा' कहा है। कालिदास ने भी नर्मदा को सोमप्रभवा कहा है। रघुवंश में नर्मदा का उल्लेख है। मेघदूत में रेवा या नर्मदा का सुन्दर वर्णन है। विश्व में नर्मदा ही एक ऐसी नदी है जिसकी परिक्रमा की जाती है और पुराणों के अनुसार जहाँ गंगा में स्नान से जो फल मिलता है नर्मदा के दर्शन मात्र से ही उस फल की प्राप्ति होती है। नर्मदा नदी पुरे भारत की प्रमुख नदियों में से एक ही है जो पूर्व से पश्चिम की ओर बहती है।
बाहरी कड़ियाँ



Narmada nadi sbse zyada gahri omkareshvar or mamleshwar ke bich he.
 सन्दर्भ 
श्रेणी:भारत की नदियाँ
श्रेणी:मध्य प्रदेश की नदियाँ
श्रेणी:नर्मदा नदी",नर्मदा नदी की लंबाई कितनी है?,1312 किलोमीटर
