pretty awesome customer service there,Kudos
my i know why the photoshop app keeps troubleshooting,App Issues
adobe tell me the point of a sync feature that never works,Sync
hey adobe your sync feature never works,Storage
crashes whenever i try to open a file but i can t get any error data out of it,File Operation Issues
what are the hardware specs for using acrobat pro dc in the end,Sync
a file cannot be opened in adobe community cs6,Feature Request
i can t find the apps that i wanted or should i install the cc apps with 2021 version first,System Requirement & Infrastructure
i would want to know how much this item costs,Cost Queries
kindly update your website because it does not open,Usage or Workflow
i have a problem with the photoshop app the app is constantly freezing,App Issues
is it possible for the adobe xd to be updated,Data Loss
so why do i not get notified when i change my project work in photoshop,Alerts or Notification
when can i get a copy of adobe flash or a nice pdf reading file that i can highlight,Usage or Workflow
when it comes to adobe sharing and collaboration the options for me are not working,Sharing Collaboration
when i read all the messages and alerts that adobe sends to me via the app there is one that i find very annoying i do not know how i can stop this,Alerts or Notification
it would help me if you correct the bug,Bug
please fix this,Usage or Workflow
not responding you cannot open a file,Feature Request
how can i add a transition between scenes,System Requirement & Infrastructure
i dont like these pop ups,Alerts or Notification
can you please tell me why adobe tool box is not working for me,App Issues
for the first time in adobe photoshop i am seeing issue 5719 what is it and how can i get rid of it,App Issues
app is crashing everytime i opens it after updating it to the latest version i am frustrated is there a solution to it,App Start Up
can you please assist me to download the adobe stock,Download or Install
adobe cloud is very simple to use and it is also easy to learn and to use,Positive Brand Engagement
what happens when you work with adobe xd,System Requirement & Infrastructure
i can t access premiere pro when i paid for my yearly subscription on march 23 2022,Assistance Needed
why have you changed the saving as option for psd files to jpegs,App Issues
what happens to your work flow when you use adobe xd,System Requirement & Infrastructure
main problem is my phototshop project is not able to share and collabrate,Refund
adobe cloud is a very entertaining tool for users to play with,Performance
*,No Reply
hi i can t cancel my free trail what should i do,Cancellation
my main concern our website is always slow to load and contains more problems than a sewer,Website Issues
there is no way for me to get adobe audition because its expensive,Price or Value
i wish you success _x1f62d_,Others
amazing product fabulous customer service,Kudos
i got one response from adobe 2 days ago that didn t mention any solution,General Dissatisfaction
the adobe application has issues while opening and loading,App Start Up
is your adobe website broken i would like to update to photoshop cs6 but am unable to do so,Website Issues
the website keeps telling me that im outside my region but im not there is some problem with it whenever i redirect it takes me to the main support page,Website Issues
explain please to me adobe why i have been unable to share and collaborate on my photoshop works,Sharing Collaboration
may i know why sharing and collaboration of projects is not happening adobe,Sharing Collaboration
i like to buy a program for a flat fee i wanna use that program forever like i did with magix vegas 14 bought it once no monthly costs still works perfectly like when i bought it like 5 years ago,Others
help i cant download adobe flash player when its done downloading it comes up an error message,Download or Install
because i did not approve this reactivation of this account,Account
oh i love this,No Reply
may i know why am unable to use the locate files feature like premiere pro,App Issues
as soon as it happens again i ll make the video thanks,Others
love adobe spark,Performance
hey and here s a two finger salute for your genius money grabbing cancellation fee tactics_x1f595__x1f595_,Cancellation
where can i acquire a little piece of photoshop and illustrator please,Others
i had to wait until the 15th march in order to purchase a new subscription on the correct account,Others
hello how come i cannot cancel my account,Cancellation
while trying to update billing i am getting an error,Billing Subscription
you are basically preying on forgetful people to not cancel and thus he stuck with another year of payment unless they pay a hefty fee ofcourse,Others
how can i send the message,Others
2022 software updates have completely broken the dynamic link,Download or Install
i have restarted photoshop 8 times just so that i can create a new file and paste something from illustrator into it,File Operation Issues
i would like you to know that i am looking for adobe indesign,Usage or Workflow
adobe indesign saves files as adobe illustrator and files cant open without complications even after reinstalling them,File Operation Issues
what are the steps to be followed in order to change the plan for adobe document cloud,Billing Subscription
the photoshop app keeps on freeze,App Issues
my work in the project had lost some data please help to recover it,Data Loss
now the creative cloud desktop app keeps crashing please help,App Issues
adobe photoshop could be improved by adding more editing functions so please add that feature,Feature Request
how hard is to start a new project,Others
i can log in through other methods like google but my purchases are linked to my adobe account so i need to log in that way to install the apps,Login
_x1f440_,Website Issues
if you all would provide me with a subscription version i might be able to do more,Billing Subscription
please try repairing the application installation,App Start Up
how can i get the files that were deleted,Cost Queries
loved the product thank you adobe,Performance
your software though wow,Performance
will photoshop run on my 2010 windows operating system,Sync
can i know the price of this product,Cancellation
so downloading the free trial of adobe photoshop is a problem can you help me,Download or Install
i cant login access creative cloud or photoshop ex or lightroom from various browsers due to dnx probe error,Login
_x1f972__x1f5a4_,Website Issues
how can we recover the files that have been deleted if you think that you might be able to restore those files please give me some hint,Data Loss
how to recoever corrupted lightroom project,File Operation Issues
so when i first started using photoshop i was unable to change anything in the object library,App Start Up
the refund was not working for adobe subscription,Privacy Data or Trust & Safety
this app just taking space on after installing,Sharing Collaboration
my project file got corrupted i request you please help me suggest me how can i recover my data please help me,File Operation Issues
id like to know why adobes photoshop product cant be shared or collaborated on,Sharing Collaboration
my illustrator project hanged now not opening its corrupted,File Operation Issues
so i ask that you bring back the motion of video in adobe xd this is an important feature and it is very useful,Feature Request
let us know if you have any questions,Others
please let us know if you know of a new source where we can get adobe photoshop,Usage or Workflow
i need assistance with my adobe id since i am unable to connect to my adobe story account and reset my password,Login
what can i do to change to the educational subscription since i am a student,Billing Subscription
i just wanted to let you know that ive been trying to sign up for your annual photography plan for the past four days but your website isnt working when i enter all of my credit card information,Website Issues
the adobe xd does not launch,App Issues
my app just keeps randomly crashing during edits for no reason,App Issues
hlo good morning,Greetings
451015 64113,Website Issues
love your workkkkkk boiiiii,Others
such a neat little quiz from adobe,Others
the care team had scheduled a meeting with me but never contacted me,No Reply
i tried to email them but since it s a holiday week it ll be hard to reach them,No Reply
please tell me the features of adobe stock,App Issues
guys i can t login to creative cloud or the adobe site,Login
i get lots of spam calls please tell me the number,Others
there is trouble in sync feature that never works,Storage
after the pending payment i paid the full amount to adobe but now my adobe account is not activated,Account
live on my channel,Others
want to know why did my adobe account get deactivated,Account
can any one help me to know the use of this brush tool,System Requirement & Infrastructure
where is photoshop presets available to purchase,Usage or Workflow
what is the best way to activate my account,Account
with this app startup takes more than 15 mins,App Start Up
i cant log in to my adobe account neither by desktop app nor a browser,Login
idk what the issue is,Others
when i made changes in adobe photoshop why i am not being notified,Alerts or Notification
i was opening adobe app for the first time but its having some issue,App Start Up
every time i try to open the software it is only happening with illustrator the entire program continues giving me the message that i must purchase a plan which when i try to click on any part of prompts the software to give me an error message and then close completely,App Start Up
email aakaristdesign gmail comissue need refund,Privacy Data or Trust & Safety
hello adobe im facing issues whenever i open the app for the first time,App Start Up
you are able to use this adobe photoshop program easily,Performance
hi can you plz help me to know when i tried to enable notifications in the adobe app i was unable to do that,Alerts or Notification
i still dont get any response from adobe,Login
same problem here,Others
i send card details yesterday,Others
nope that s all,Others
someone tell me this thing cost,Cancellation
is adobe premiere rush suitable with windows 10,Sync
the photoshop sync capability was the biggest farce it never worked as expected,Sync
is there any way for me to receive a refund for this subscription with adobe,Refund
as far as i know i paid for the plan but i have not activated that plan yet on my adobe account,Account
please tell me cost of this item,Cancellation
i am still waiting for some responses to my question but no one from adobe has responded,No Reply
happy sunday karan,Greetings
brush tool is experiencing some problems,App Issues
i have answered that question for adobe multiple times over the past several weeks,Others
my id is tamieyacoffey,Website Issues
i despise both the programme and the membership since im compelled to utilise pro tools which is a subscription-based product,General Dissatisfaction
did you change the premier export user interface,App Issues
i wanted to know if you can help me in figuring out this issue,Assistance Needed
it s this website that won t work and i ve tried various browsers,Usage or Workflow
you can cc to geoff should it fail,Others
why am i getting a charging problem for my new adobe substance 3d stager subscription,Billing Subscription
i dont trust this git extension just to recover 1 corrupted lightroom project,File Operation Issues
the project on photoshop is not open its corrupt it says,File Operation Issues
how dare you objectify me,Others
god i hate when software does things like that,Others
this system does not support conversion of files with adobe,Sync
i am opening photoshop for the first time how can i create a file,General Dissatisfaction
if you re still interested in using the adobe apps we re happy to help you here to find a solution,Others
love the piece,No Reply
photoshop has a ruler bug when switching between monitor and macbook screen,Bug
adobe is a costly material,Positive Brand Engagement
however despite paying eighteen dollars for the software i am still unable to add text or alter the file,File Operation Issues
hello i am a creative cloud subscriber i cannot open any app today it s like there is no subscription at all,App Start Up
i needed to switch to an educational subscription for adobe xd i am a student,Billing Subscription
i cant find 3 of my raf files which were not saved when photoshop quit and the autosave feature was off so plz help me get them back,Data Loss
my adobe has a storage mismatch issue,Sharing Collaboration
are you aware of the bug where video files cant be open unless they are open with the app using rosetta i have an m1 mac studio and the latest version of photoshop 2022,System Requirement & Infrastructure
what is the procedure for utilising this tool,System Requirement & Infrastructure
my google chrome does not open the website,Usage or Workflow
i received the answer from community forum today thank you for responding and being a good help,Kudos
we actually had a twitter thread where a few chimed in with similar issues,Others
how does this products workflow work,System Requirement & Infrastructure
hi i had a subscription with you with the following email giny franci gmail comi deleted the annual plan i had and i also deleted the email address i wrote above,Billing Subscription
i need to quickly convert a pdf to png but i can t get an adobe login,Login
my email is alisiana peters,Others
in which all the can i get adobe indesign immediately now,Others
my phone is android,Others
adobe fantastic brand and product marketing,Performance
let me know what are the system requirement for dreamweaver,Sync
somehow i ve lost data and i m not sure how to recover it,Data Loss
_x1f525__x1f525__x1f525_,Website Issues
i noticed multiple charges last month but currently i am only paying for lightroom,Billing Subscription
ive been on hold for sometime and still the website doesnt work,Website Issues
has amazing ways he integrates storytelling,Others
why am not able to find update to my adobe premiere rush,Download or Install
why only psd show damaged corrupted in photoshop,File Operation Issues
id like to upgrade my adobe stock app but im not sure how to do it,Download or Install
my experience with adobe is that the sharing feature does not work for me,App Issues
adobe price way too expensive,Positive Brand Engagement
how much is the cost of this product,Cancellation
i didn t take a screenshot,Others
why should it take very long for your website to load,Usage or Workflow
the photoshop having difficulties while opening and loading,App Start Up
please let us know if we can help with anything else,Others
thank you very much ist it possible to obtain my adobe id again or must i create a new account,Others
your website never accepts payments and the page load time is horrible,Website Issues
unfortunately your adobe customer care is still unsatisfying,General Dissatisfaction
thought it should be 17 2,Website Issues
adobe illustrator draw app keeps crashing,App Issues
are there any after effects experts out there that could teach me some beginner tricks,Getting Started
thank you i am recovering from a car accident almost two years and have a brain injury so i don t understad what is taking the money out,Others
it is very annoying that some kinds of notifications that adobe sends to me in the app are extremely irritating and i do not know how i can disable those notifications,Alerts or Notification
that s not ideal,Others
since its just a phone number i can t fill in most of the questions is that a problem,Others
hello photoshop team,Greetings
i love you yos,No Reply
poor and useless service from adobe by sending me the same generic email which is useless,General Dissatisfaction
hlo good afternoon,Greetings
what amazing customer service,Greetings
why can t i login to adobe,Kudos
im having difficulties with photoshop tools and they are not working,App Issues
have you changed the user interface of the premier export ui,App Issues
how to restore data from a ten day project that was accidentally deleted,Data Loss
what is the process to disable the notifications for adobe stock,Alerts or Notification
do you know of any people who are specialists in dealing with the aftermath of a tragic event if so can you give me some starting tips,Others
kindly tell me why adobe xd tool box is not working,App Issues
fallnummer adb-23623415-m8f7,Others
whenever adobe downloads the programme there is a storage conflict,Sharing Collaboration
why cant i access powerpoint tool box,App Issues
there is a bug in the latest version of adobe program that is causing my files to be corrupted,Bug
why cant i use the chrome browser to access adobe spark,Usage or Workflow
i have done that,Website Issues
is adobe substance 3d stager compatible with a pc with 4 gb of storage,System Requirement & Infrastructure
support on the adobe page didn t work,Usage or Workflow
hi sv could you help get a promotional price for my account with email salas aracely,Others
is it possible that you could add more editing functions to adobe photoshop,Download or Install
kindly let me know how do we start using adobe photoshop,General Dissatisfaction
adobe im always having problems when i open the app for the first time,App Start Up
i have had to restart photoshop 8 times now in order to create a new file and paste some new text from illustrator,File Operation Issues
please let me know if acrobat standard dc will work on the windows 10 operating system,System Requirement & Infrastructure
what are the requirements for adobes system,Sync
need to know why did my adobe account get deactivated,Account
hi friends,Getting Started
443201954,Website Issues
great customer service,Greetings
you helped me so much customer care,Greetings
i am having issue while loading your website,Usage or Workflow
adobe xd refuse to launch again and theres absolutely no help from adobe official fourms either,App Start Up
on this device adobe is the worst interface for people to use,App Issues
the price of stock is giving me serious fomo,Positive Brand Engagement
adobes website does not open in my google chrome browser,Usage or Workflow
i am tired of the many alerts and notifications that are in adobe so i am thinking about how to disable them,Alerts or Notification
kindly help me in enabling the alerts and notification in the adobe application,Alerts or Notification
does there really be any reason why i cannot use the sync feature,Sync
have switched on off installed uninstalled processor is enabled have also cleared out my storage to no luck,Storage
how to recover files that have been deleted,Cost Queries
tell me the reason why i cant download the older versions of the app,Download or Install
when exporting psd files to jpegs why did you change the save as option,App Issues
i removed acrobat dc and it still did not work,App Issues
there is a problem downloading adobe acrobat pro from the creative cloud,Download or Install
if you purchased from the google play store the plan is managed through google and their support team can help best in managing,Others
how can i get my photo data back and my account with it,Data Loss
for some reason the sync functionality never works for me buddy,Sync
please help us,Assistance Needed
how can i make my adobe account active,Account
it is important that you bring back this image editing features from adobe it was very useful,Feature Request
this is my screen currently,Others
where can i find the terms and conditions about how adobe will protect my personal data,Price or Value
could you please guide me to activate my account,Account
thanks but i already have and i keep having the same issue with adobe installer,Download or Install
is it possible for me to find the retail cost of this item,Cost Queries
someone please tell me how can i disable the notification for adobe acrobat,Alerts or Notification
now i can t login to change it and can t use my adobe programs at all,Login
so frustrating,No Reply
how are you doing i am new to using adobxd but i want to learn all that i can,Getting Started
my laptop only has 3 gb of ram which is insufficient to run adobe atmosphere 3d stager,System Requirement & Infrastructure
and how exactly do you propose i use adobe fonts in xd,Usage or Workflow
i use snapseed as well as photoshop,Others
why cant i share and collaborate on my photoshop works with adobe,Refund
i hope you can pause my renewal for a day or two because i can t download the photos,Billing Subscription
i have been trying for weeks to speak with an account manager about my cc license renewal,Billing Subscription
hellow good morning,Greetings
i want to understand what is the best way for me to get started using the acrobat premier pro,Getting Started
have a good night,Greetings
browna647 gmail,Website Issues
what do i do to get back my corrupted incopy adobe files,File Operation Issues
so far i have not been able to enable notifications on the adobe app,Alerts or Notification
after the 17 0 17 1 update we re facing a lot of app crashes freezes managing indd files that previously worked flawlessly with version 16 now we re working with version 16 but we lost our app settings and we have to convert every single document,App Issues
so i must figure out how i can get my data back from when the file i used to save the data became corrupt,File Operation Issues
i have no ability to download my adobe file,Download or Install
there s a button now that has all my favorite buttons shoved in it,Others
how can i recover data from the work that i saved,Data Loss
thank you adobe care for giving me 30 days of credit for my account while i wait for my card,Kudos
do you think this is an adobe bug,Billing Subscription
apparently there are some actions in adobe applications that are having performance problems,Others
please let me know the steps to start up the photoshop,App Start Up
some time i am having difficulties with photoshop tools not working,App Issues
i also have access to creative cloud through georgia tech,Others
the biggest concern is that how there is an update with full of bugs and adobe approved it without testing it,Bug
we are very unable to get all our data synchronized,Storage
are you aware of this issue,Others
my data of adobe is lost,Cost Queries
premiere pro gets so laggy over time when editing,Others
i would like you to help re register legacy products to my current account,Account
ii am starting to learn indesign application can you help me with it,General Dissatisfaction
i would love your help,Assistance Needed
woke up in the morning to see that fresco corrupts my file,File Operation Issues
any help would be amazing,Others
such amazing work tiago,Others
hey good eve,Getting Started
did you receive any cancellation confirmation email when you cancelled it before,Cancellation
im having issues opening adobe reader for the very first time would you please help,App Start Up
connected through wi-fi,Website Issues
im on a creative cloud all apps with 100gb plan all works fine except aftereffects says it expired,Billing Subscription
may i know how to use this brush tool,System Requirement & Infrastructure
i am having trouble while using your sync feature,Storage
nothing changed after that,Others
adobe changes the ui layout in premier every month to keep me interested,App Issues
im excited as to why the adobe tool consumes so much storage,Sharing Collaboration
it seems that adobe acrobat export pdf does not work with 28 gb ram,System Requirement & Infrastructure
hi adobe your sync feature is not working,Storage
why is my adobe storage space filled,Sharing Collaboration
please explain why there was a billing mistake with my new adobe substance 3d stager subscription,Billing Subscription
please explain the various options for determining the products market price,Cost Queries
can you tell me why your sync feature never works,Storage
please allow me to or show me how to activate this product i have paid for and need,Account
i would like to make use of adobe s sync feature but it does not work,Sync
because i am not able to finish this photoshop project with my friend i will give that to my friend,Sharing Collaboration
do you know how i can get all my files that i deleted back,Data Loss
is it possible to edit the billing address on the invoices of my subscription,Billing Subscription
i am unable to update the adobe premiere rush application,Download or Install
how to use this brush tool,System Requirement & Infrastructure
plus the app store rating is incredibly low so it seems that the app has not been working as intended since day 1,App Issues
tn you for help and for your work products p s,Others
i am unable to update the adobe scanner application,Download or Install
inspite of turning rendering and performance options on and off it still doesnt render it properly,Performance
on march 18 a senior tech called as was scheduled but she did not know how to solve my issue,General Dissatisfaction
why is this,No Reply
which i definitely did not want but what made me event more upset is that if i decided to cancel my subscription now i would pay the entire year and i would not be able to use all the credits,Cancellation
adobe wtf your website never opens properly,Usage or Workflow
how much does it cost to buy adobe xd,Cancellation
i would like to know how to save personal data in adobe safely,Price or Value
the creative cloud apps sorry they re sold as subscription-only here,Others
why is it that my adobe account is always full,Sharing Collaboration
i want to switch to my personal account for using my adobe account which was created using a company email address,Account
a files last two days of revision history were lost please provide instructions on how to restore the data,Data Loss
hi mo can you please double check if the early termination fee was refunded because it hasn t been transferred into my account yet thank youwarm regards dj,Refund
the price of adobe ccc is a lot more expensive than i remember it being,Price or Value
please tell me if its allowed for multiple people to work on a single project,Sharing Collaboration
have a great weekend,Greetings
please try updating it,Data Loss
i have been having issues with my creative cloud apps for weeks,App Issues
how to know why brush tool is not working,App Issues
its not good that you charge us cancellation charges for cancelling a subscription,Cancellation
you call urself adobe care but i dont think you give a damn about user messages,General Dissatisfaction
hi robert we hope you re doing well,Greetings
every time i try to modify a project in adobe rush it crashes,App Issues
finally i get to an actual person let me start by saying your customer support is very hard to find you should look into that,General Dissatisfaction
i ve just bought a monthly subscription but this is all i can do by now,Billing Subscription
whenever i open a file the latest version of the file fails,Feature Request
why have you changed the save as option for saving psd files to jpeg files,App Issues
how can i recover the data from my earlier version that i lost,Data Loss
are there any aftereffects experts out there who have any beginner tips,General Dissatisfaction
gimme a free yearly subscription likeeeee help a man out,Billing Subscription
let us know and we will check with the team then,Others
in photoshop the sync ability is very bad because it is never functional,Sync
i don t know how to do that give me an email address and i will forward,Others
„are you having this issue on a specific issue i don t even know how to answer that,Others
so i have paid for the plan but it is not yet active on my adobe account,Account
someone please tell me the process to download the adobe acrobat,Download or Install
might be a bug in the newest update,Billing Subscription
i would like to know is my data safe,Price or Value
i am a student and i m unable to afford it,Positive Brand Engagement
how do we repaire lightroom project,File Operation Issues
i am sure our experts can collect your file if needed and help find out why this is happening,Others
what is causing the storage mismatch to occur during adobe installation,Sharing Collaboration
is it posible to switch to a monthly plan,Billing Subscription
love the video light projections of pipilotti rist,Others
how should i use this video motion feature,System Requirement & Infrastructure
if you have any other questions or need any other help you can find us here all the time,Others
my love _x1f9e1_,Others
adobe photoshop is a program that is very easy to use i really enjoy using it,Positive Brand Engagement
i just started from here,Others
seemeingly innocent adobe stock corrupts data,File Operation Issues
it seems that the adobe program is crashing while it is being updated,Download or Install
if u understood me you wouldnt be asking me to pay any cancellation charges,Cancellation
what are the requirements for running adobe acrobat standard dc on your computer,System Requirement & Infrastructure
adobe acrobat export pdf is not working with 28gb of ram,Sync
i sent info by dm many hours ago but still i didnt get a response,No Reply
a glitch exists in my most recent photoshop version,Download or Install
since i updated photoshop and premiere they are running very slow and freeze,Performance
fuck with this heavvvy,Others
please help me cancel the subscription and waive the cancellation fee,Cancellation
im experiencing difficulties with photoshop brush tool they do not work,App Issues
the sync feature is the worst it never works,Storage
so why have you changed the option to save the file to a jpeg,App Issues
adobe reader on my macbook is constantly crashing,App Issues
every time i open a file the latest version of the file doesn t work,File Operation Issues
adobe is one of the worst interfaces on your device,App Issues
i e-mailed them back and asked for contact info but so far nothing,No Reply
cant tolerate fles getting corrupted in adobeanimate,File Operation Issues
what is going on with cancellations even after calling your number i cant remove my payment option,Cancellation
i re installed the application but still getting black screen when we open it,App Issues
the adobe application is crashing during the process of updating,Download or Install
since i won t be using it this month i was wondering if i can be reimbursed,Refund
can i please get some help thank you,Assistance Needed
here is an example,Website Issues
my new subscription to the acrobat reader is not billing correctly,Billing Subscription
what is the process to fix a bug in adobe stock,Bug
adobe i am sorry to say that i am very disappointed with your services,General Dissatisfaction
hey adobe something wrong with ur google single sign on coz i am unable to login,Login
it worked like a trick thank you so much adobe,Kudos
hi there,Getting Started
apparently there is a bug in the new adobe program that is causing my files to become corrupted,Bug
adobe photoshop is the best product for editing photos,Performance
i try to uninstall the app which is taking more space,Sharing Collaboration
what is the adobe spark cost,Cancellation
everything is there,Website Issues
promote it on,Website Issues
sometimes i am sacked because i watch adobe update the ui layout several times every month,App Issues
i have now received this information however i no longer know the full email address can you help me with this,Others
as i am a student i want to switch to educational subscription for photoshop,Billing Subscription
i am curious as to how i may preserve my personal information in adobe in a secure manner,Price or Value
i think illustrator is out to corrupt my hard worked files,File Operation Issues
why am i experiencing billing troubles with my new adobe connect subscription,Billing Subscription
i dont know why adobe fonts gets stuck in the background tasks whenever indesign tries to sync a font from it,Sync
can you please provide details for your issue,Others
my account was auto deleted when i had legacy product registered to it,Account
why have you changed the save as option for saving psd files to jpegs,App Issues
so please help me fix this bug in adobe application,Bug
ilysm bb _x1f97a_,Website Issues
may i know the most efficient way of installing photoshop or lightroom on a separate drive and do i need to uninstall first,Usage or Workflow
got issue while updating adobe xd app,Data Loss
every time that i open a file the latest version of that file fails,File Operation Issues
please tell me where can i find the market cost of this item,Cost Queries
this was a really fun one,Others
our system does not support conversion of files to adobe,Sync
i think the sharing and collaboration option is not working for me,Refund
ive had to restart photoshop 8 times in order to make new files and to copy and paste some files from illustrator,File Operation Issues
discord app why are you taking the more than half space of my desktop,Sharing Collaboration
adobe is an absolutely fantastic company who is very deserving of your money,Positive Brand Engagement
i mean i see that but i don t really need a $50 subscription full of apps i ll never use in a million years,Others
so what are the technical specifications for using photoshop,Sync
with my problem,No Reply
i want your help in downloading adobe photoshop can someone help,Download or Install
why does your photoshop express app suck,File Operation Issues
your sync feature is not good at all,Storage
is it possible for me to receive a refund for this purchase,Refund
this is awful,No Reply
having issues with downloading photoshop elements,Download or Install
_x1f620_ i am not amused,File Operation Issues
hi luke,Getting Started
my laptop only has 2 gb of ram which isnt enough to run adobe audition rush,System Requirement & Infrastructure
hello i m from russia,Greetings
dope work dude,No Reply
i have had to restart adobe seven times since creating a new file and pasting things from illustrator,File Operation Issues
high time that your devs need to start looking into the root cause of 404 errors,Website Issues
i need help in refunding the payment that i made on june 2 2022,Refund
need to get on here more got the app just taking up space,Sharing Collaboration
amazing idea,No Reply
i want to re register legacy products to my current account,Account
hello guys adobe i m having a hard time getting onto your website,Usage or Workflow
i m super happy with what i came up with,Others
i ve dealt with adobe a few times and customer support is always great,Kudos
since a few hours i have been unable to login adobe creative cloud,Login
yes it will work thanks,Kudos
hello the adobe application is 2gb as advertised yet it requires 22gb after downloading,Storage
please do that,No Reply
adobe website and nothing is working,Usage or Workflow
the refund does not work,Privacy Data or Trust & Safety
could you please tell me how to resolve the issue that appears anytime i try to open adobe launch,App Start Up
please if anyone knows where i can get a modified edition of adobe premiere pro kindly let us know,Download or Install
how to restore data from a ten-day project that was accidentally deleted,Data Loss
hi i use creative cloud desktop to download some apps but it seems that my windows not compatible to the newest version,System Requirement & Infrastructure
best customer service ever,Greetings
hi adobe my login creds for premiere pro is not working,Login
hi it was being backed up to external drive for one folder,Sharing Collaboration
i want to stop my file collobration for a photoshop project,Refund
i dont find it can u just write it here,Others
i ve got that issue in premiere and spark will randomly not include layers when i export to pdf etc etc,App Issues
hi i am new here at adobexd and i want to get started using the software,General Dissatisfaction
cant read my acsm file adobe,Feature Request
please do let us know how is the way to start using acrobat photoshop pro,General Dissatisfaction
hlo,Getting Started
i am still waiting for someone to reply to my question but no one at adobe has replied yet,No Reply
i would like to know why your sync feature never works,Storage
fantastic company adobe has always been excellent,Performance
please reply why adobe sync feature is not working,Storage
yes i am speaking with my bank as we chat they said that no refund has posted yet,Refund
how much this product exactly cost me,Cancellation
i havent received any response from adobe,Login
may i know why adobe photoshop app is 2gb as mentioned but the app take 22gb after installing 2,Storage
in my case the sharing option is not working for me what to do then,Refund
adobe this is likely the absolute worst ui,App Issues
downloading character animator is failing for me,Download or Install
i deleted adobe because the app was taking more space,Sharing Collaboration
please tell me why your website is not loading,Usage or Workflow
adobe will not start up,App Issues
adobe is taking up an increasing lot of space in the notes app,Sharing Collaboration
so whenever i am cancelling i have to pay 6702,Cancellation
your website is giving me an error when i try to pay for your services,Website Issues
my file won t open if i use scanned dollars bills to create collage elements,File Operation Issues
hlo how are you,Greetings
as i do not believe this was laid out in the terms and conditions when taking out the plan,Billing Subscription
you can purchase the plans from here,Others
in adobe sharing collaboration option is not working for me,Refund
adobe and its fantastic brand are very important to me,Performance
i need to know why my adobe scan subscription is not billed right,Billing Subscription
the economy crashed,Others
i will need to send you an email with a 6 digit number have you reply to this mail stating that you have received the code,Others
that sync feature never works for me bro,Storage
so i am not able to download my adobe file,Download or Install
i have an account for adobe acrobat pro but whenever i try to access the request signature feature it says access denied,Login
it s surprisingly easy to get a human on the phone in under 3 min,Others
i strongly urge that adobe brings back this useful features for modifying images because it is very useful,Feature Request
adobe reader keeps on crashing on me,App Issues
how much can be this products cost in total,Cost Queries
you can always pirate adobe software it is always morally correct,Others
how should i use this adobe brush tool can someone please help me,Usage or Workflow
when you are using adobe photoshop it is very easy and simple to use,Positive Brand Engagement
adobe please explain why photoshop projects are unable to be shared and collaborated on,Sharing Collaboration
adobe i have a storage mismatch issue please solve as soon as possible,Sharing Collaboration
do you know of any people who are engaged in this field if so if they know of any people would they be able to give me some good starting point,Others
how do i add a transition between scenes,System Requirement & Infrastructure
screenshot from my ipad,Website Issues
there appears to be a recognised issue with adobes save as functionality,App Issues
it was a great pleasure to discover all your worksyou can be very proud,Others
it is not possible to export adobe acrobat pdf with 28 gb of ram,Sync
every time i try to open a file the current version glitches,Feature Request
when i try to use the adobe sync option it does not work,Storage
hey it s still trying to download through the cc app so isn t there a way of getting the file downloaded first it keeps erroring out after 8% when downloading,Download or Install
hi there sorry about this trouble,Others
adobe thanks for the advice,Greetings
_x1f622__x1f622_,Website Issues
do you think that adobe premier rush is suitable for windows 10,Sync
hi xxx we re glad that we were able to help you with your xxx issue,Others
so i m guessing the wonks at didn t actually speak to any real editors before improving acrobat,General Dissatisfaction
what is the reason why the adobe illustrator does not work,App Issues
i scheduled a call with the care staff but they never called me back,No Reply
can t login to my adobe desktop app all my adobe apps,Login
i cant open the features of adobe acrobat,App Start Up
i urge that adobe bring back the useful image editing features that it had been providing to me,Feature Request
plz tell me why the pricing for my new adobe reader account is erroneous,Billing Subscription
what exactly does the flow of work look like when i use adobe xd,Usage or Workflow
adobe and its fantastic brand have been a great experience for me,Performance
what is keeping me from using illustrator tool box,App Issues
hi there we ve looped in an expert to reply as soon as they re back in the office,Others
hello there,Getting Started
can i get some help,Assistance Needed
please refer to the link here,Others
anyone else having adobe login issues this morning,Kudos
someone please help me in disabling the notification in the photoshop,Alerts or Notification
your software is a joke,General Dissatisfaction
file viewer crashes whenever i try to open it,Feature Request
slow progress is still progress,Others
it s starting to get really annoying,Others
this exact thing has happened before – it s incredibly frustrating given how much i pay for the software and how much i rely on it,Price or Value
how to find out the retail cost of this product,Cost Queries
how do i begin using photoshop,System Requirement & Infrastructure
i respectfully request you to bring back the video motion feature that was implemented in adobe cloud it was very useful,Feature Request
and if i press cancel it s happen too,Cancellation
please tell me why my new adobe reader subscriptions billing is incorrect,Billing Subscription
i have not received any reply from adobe on my question,No Reply
illustrator adobe xd dreamweaver expensive hard,Positive Brand Engagement
check out this illustrator community post for the answer to your question,Others
adobe website is not opening on my google chrome,Usage or Workflow
i get this error when i try to launch adobe photoshop does anyone know how to fix it,App Start Up
what are the system specs for using ram and cpu of adobe,Sync
the photoshop project cannot be shared or collaborated on,Refund
what i absolutely love is the price of the adobe cloud,Positive Brand Engagement
wow amazing customer care,Greetings
thats awesome really hyped for this contest i ll really try my best to win this,Others
adobe is starting to work but the screen is hanging,App Start Up
wherever should i get this adobe software,Others
i would like to activate my account,Account
i would like to know how i can safely store my personal information in adobe,Price or Value
how can still there be an issue with the missing fonts after 3 years when trying to play a prototype from the app,App Issues
so it is important that i figure out how i can get back my data after the file i saved on my computer became corrupt,File Operation Issues
the latest version of fails every time i open a file,Feature Request
jen yes go ahead and charge the $32 46 now so i can still access the account please how long will the refund of $57 46 take to process,Refund
adobe photoshop software is very simple to use,Performance
my file that i saved on adobe is now corrupt,File Operation Issues
the interface of adobe xd is very fun to use,Performance
could you please advise me how to upgrade the adobe acrobat pro app,Download or Install
our email is chewydesigns,Website Issues
adobe fire your marketing people,File Operation Issues
im experiencing difficulties opening a file in which im making a collage out of dollar bills,File Operation Issues
customer service was amazing,Greetings
could we now proceed with arranging the closing of the subscription and a refund based on the time used many thanks nik,Refund
that is why you can use adobe cloud easily it is very simple and easy,Positive Brand Engagement
please walk me through the process of using this feature,System Requirement & Infrastructure
i paid for 6 months and you deactivated my account,Account
the ctrl alt h shortcut is not working in anymore after update,Download or Install
adobe opens slowly and hangs on sometimes,App Start Up
the software crashes when i reinstall it,Usage or Workflow
am trying to update adobe xd which is not happening,Download or Install
very nice customer service lady adobe,Kudos
im not able to receive a refund for two months and billing system has been of no help please help me,Refund
adobe has always been overpriced,Positive Brand Engagement
is there any way for me to receive a refund for this plan,Privacy Data or Trust & Safety
please restore this function back to your product it was quite beneficial,Download or Install
adobe i just downloaded the latest version of adobe on my computer and i received this error when i tried to open the file while i was trying to open the file i tried to use some scanned dollar bills to create some collage elements but i was unable to do that,File Operation Issues
good afternoon i have the latest version of photoshop and i can t use the harmonization neural tells me that it is not available when i want to download it,App Issues
store all the best ideas with asus and adobe,Others
too expensive,Positive Brand Engagement
how to dismiss the type 1 fonts notification message so it doesn t reappear now,Alerts or Notification
sorry about this experience,Others
i am still waiting for adobe to respond to my request,Login
how to login to adobe because they claim it s already logged in and ready to use,Login
adobe software has a sync feature but i am unable to use it,Sync
it was cancelled a year ago,Others
the id used to log in is cph-nh172 which is not active anymore as this is a school account,Login
turns out they are charging me $22 per month and if i terminate early they will charge me another $100 in early cancellation fee,Cancellation
photoshop and premiere are not as fast as they used to be before the update and they hang quite often,Performance
this is insane amazing mood,Others
is it possible to collab with other people on adobe,Refund
adobe has more features its ui is terrible,App Issues
the sync feature is never effective and yeah its all quite upsetting,Sync
everytime i try to visit your website it never loads no matter what browser i use,Website Issues
is it possible for you to help me to start up adobe fonts,App Start Up
how can this menu be closed,Usage or Workflow
crystal in the payment verifcation dept was super helpful,Kudos
acrobat dc for macos was released lately whats the first step,General Dissatisfaction
can i know the use of this illustrator,System Requirement & Infrastructure
now the creative cloud desktop app startup time is ridiculously long,App Start Up
how to know the cost of adobe animate,Cancellation
anddd why cant i open spark as an app,App Start Up
adobe has stolen my data,Price or Value
my operating system is windows 10 will photoshop work with my operating system,System Requirement & Infrastructure
i don t know where my adobe file is anymore,Cost Queries
is it possible for me to download adobe acrobat,Download or Install
so what has happened is that my server has been unable to get the data that i want to synchronize with,Sync
the webpage does not load in google chrome,Usage or Workflow
if i use scanned dollar bills as collage elements my file will not open,File Operation Issues
adobe is the best software for photo editing,Performance
hi ya xiaoheng,Greetings
what is the best way that i can get a refund on this subscription with adobe,Refund
s burnell89,Website Issues
i submit photoshop crash reports every time – still having the same issue today,App Issues
so what causes the brush tool to not work in photoshop,App Issues
is there a difficulty with adobe that prevents me from sharing and collaborating on my photoshop tasks,Sharing Collaboration
i can create an entirely new adobe profile if i need to but if that s the case i will need someone to cancel my existing subscription so it doesn t double bill me,Cancellation
but how do we sort out importing a 16gb 4k viceo file into premiere pro without leaving 11gb behind,Usage or Workflow
we re happy to help,Others
hello i am waiting for you reply,Login
hey adobe i have just finished learning about photoshop and i would like to start creating can you help,Getting Started
have a good weekend nm,Greetings
i dont know but the auto recover option was switched off and after photoshop crashed i cant locate my docs in autorecover,Data Loss
where can i see how to share my work with other adobe users,Refund
so i am stopping my collage to make way for a photoshop project,Refund
after 10 minutes your adobe photoshop mobile app freezes,App Issues
i will glad to get any help i can,Assistance Needed
adobe your website is really slow and takes an eternity to load,Usage or Workflow
my card number,Website Issues
what should i do if any data in my carefully stored work is lost,Data Loss
again open my photoshop files but failed to open corrupt psd projects,File Operation Issues
hello adobe i am always having issues when i open the application for the first time,App Start Up
im wondering as to why the adobe photoshop app is listed as 2gb yet takes up 22gb after downloading,Storage
want to know why i dont get refund,Privacy Data or Trust & Safety
i am always experiencing problems when i open the app for the first time is that normal,App Start Up
guten tag,Website Issues
on my ipad i continue to have issues with adobe acrobat pro dc,App Issues
emma_960531,Website Issues
id like to know why adobe doesnt allow for work sharing and collaboration,Refund
hey how do i fix the permissions for photoshop eyedropper to sample color outside of photoshop on macos monterey photoshop seems to have all the needed permissions in privacy settings to record the screen and such but still ps22 does not let me sample colors,App Issues
the photoshop app will not start,App Start Up
i need my layers,Website Issues
give me back my money,Privacy Data or Trust & Safety
i have initiated the refund and the amount will be credited to your account within 5-7 working days,Others
how good the customer support is,Greetings
this is the worst ui design i have ever seen its absolutely horrible,App Issues
on page 201 i get a you ve stumped us message just wanted to pass this along in case there is a bug with the website,Bug
countach sounds good i dig this car too,Others
great test,No Reply
as a general principle don t you think large companies should offer a compensation for customer-induced optimization of products,Refund
i lost all data anyone help me how can i recover my data,Data Loss
my most recent photoshop version contains a bug,Bug
if i want to enable the notification in the adobe spark what do i do,Alerts or Notification
it s 22 001 20085,Website Issues
where can i find out more about the terms and conditions that i must obey in order that i protect my privacy with adobe,Price or Value
adobe cloud is very easy to use and it is also very simple to set up,Positive Brand Engagement
adobe xd its user interface is not so handy,App Issues
billing subscription,Others
please let me know if adobe substance 3d stager is compatible with the windows 10,System Requirement & Infrastructure
my computer s saved file has been corrupted by adobe,File Operation Issues
for better storage i should merge my 2 split accounts with apps and cloud files,Storage
althogh creative cloud desktop app is a super performant it takes too long to launch is that somebody has to go wake up old tim who verifies in his handwritten log that you have a license for all the fonts you claim to have,App Start Up
as i use the brush tool i believe the green colour finding causes problems,App Issues
10 days project got deleted lost data how to revocer it,Data Loss
love u,No Reply
what is the cause of the toolbox not working in photoshop,App Issues
hi there i ve checked and noticed that you have an active subscription for creative cloud all apps with 100gb which is an annual commitment monthly billing plan,Others
my photoshop masterpieces are not available for collaboration or sharing,Refund
hey can we revoke ann coulters subscription,Billing Subscription
i am afraid that if i re register product serial number to a new adobe account i will lose my serial number notes,Account
ayo your app adobe rush premire keeps crashing on me everytime i try to zoom in on the timeline or import media,App Issues
it took me 10 days to complete that project and now it is corrupted highly disappointed with adobe,File Operation Issues
i agree to these terms and conditions,Others
i absolutely love the prices for the adobe cloud,Positive Brand Engagement
i would like to cancel my free trial,Cancellation
customer service was super nice,Greetings
i use adobe photoshop and it is very easy to use,Performance
please help me to login into premiere rush,Kudos
want you to help me to fix this bug in adobe,Bug
this is what appears and when i click sign in it shows me the same screen again,Login
adobe suite is very good but the price tag is a problem,Positive Brand Engagement
why can t i participate in and share this photoshop task,Refund
which adobe program can i use best,System Requirement & Infrastructure
let me know why am unable to use readout aloud feature in adobe reader,App Issues
is adobe substance 3d stager compatible with the windows operating system,System Requirement & Infrastructure
i am web developer,Website Issues
project sharing and collaboration are not possible with adobe,Refund
how can we start using acrobat pro dc for mac,General Dissatisfaction
so i m at a loss as of what to do,Others
the app crashes when i try to open it,App Start Up
i have never used adobxd but i really want to learn everything that i can,General Dissatisfaction
it takes over 10 minutes to launch the app at startup which is ridiculous,App Start Up
they still need plenty,Website Issues
which i cancelled so i have to pay fine,Cancellation
adobe starts but the screen is hung,App Start Up
hello mam sir good morning,Greetings
this all started when i receive the last 4 updates,Download or Install
is there any means to get back corrupted files,File Operation Issues
i don t want to collaborate with fellow creators,Refund
let me know how can i update the photoshop app,Download or Install
do i need a new email address if i move country and want to change account region,Account
you could be crashing the adobe application while it is updating,Download or Install
the sharing and collaboration option does not work for me,Refund
can you refund it on my new debit card,Privacy Data or Trust & Safety
dreamweaver which has some performance issues might be worth a look,Others
will photoshop run on my 2012 windows operating system,Sync
so when i first started using photoshop i was unable to change any of my objects in the library,App Start Up
adobe changes the uid layout of adobe several times a month and that is something that i find amusing,App Issues
be charged banking fees for refund and then when charged my card again,Refund
how can i enable my account to become active,Account
lightroom 4 price is too high,Positive Brand Engagement
they have the best customer service,Greetings
the cost of photoshop is excessive,Positive Brand Engagement
i would like to know how i can save my personal data in adobe securely,Price or Value
adobe is starting but the screen is hanging,App Start Up
i am locked out of my account and not able to log back in,Login
when can you activate my account,Account
omg the new updates suuuuxxxxxxx,Data Loss
when i get certain kinds of notifications and alerts in the app i am very annoyed so i do not know how i can disable those notifications,Alerts or Notification
me and my friends made this project through mutual collab,Others
when i use scanned dollar bills as collage elements my file wont open,File Operation Issues
do you need help with an adobe product or account issue can you please provide details for your issue,Others
please help me how to i recover a deleted project from n photo shop mix,Data Loss
why is the brush tool not working in photoshop,App Issues
adobe why am not able to edit or insert text into the file,Feature Request
tell me how can i enable the alerts and notifications in the adobe app,Alerts or Notification
if you can t control that i am a bit worry about your payment security system,Others
adobe is not at all concerned about its users,General Dissatisfaction
every time i open a file the latest version of that file fails,Feature Request
i am stuck in this god forsaken place and its freezing,Others
how do i activate adobe account,Account
veronicatkinson721 yahoo comhey sam sorry to come off so rude man,Others
may i know when i tried to enable notifications in the adobe app i was unable to do that,Alerts or Notification
i am so angry,No Reply
at the moment i seem to be a beginner when it comes to using brushes so i want to learn how to use that brush tool,Usage or Workflow
i wish that adobe would bring back the powerful editing features that we sorely use,Download or Install
the adobe storage is not accurate even when you have a plan that includes 1 tb of storage,Storage
can someone respond,Login
my internet isn stable and im able to log in but the sign in page is hanging,Website Issues
what exactly is needed for your computer it is about the ram and the cpu of adobe,System Requirement & Infrastructure
photoshop crashes every time i try to create a new file or paste something from illustrator,File Operation Issues
will 2010 windows operating system adobe substance 3d stager work,System Requirement & Infrastructure
so far i have not been able to get a reply to my question but still no one from adobe has replied,No Reply
id like to know if adobe keeps my personal information safe,Price or Value
i ve had nothing but great service from eastbay,Kudos
also here is the xd link for your reference,Others
you could at least propose to pay the full price of the past months as compensation,Refund
lightroom classic will not sync all edits flags and rating for collections if edits are done on a device,Sync
they rarely even get another vote,Others
i ve been unable to open a project file in my workspace i started for 2 days now,App Issues
i am very pleased with adobe and its fantastic brand,Performance
i am not able to log into my photoshop account,Kudos
nice comment _x1f606_,Others
i am having installment issues with the app because everytime i am geting a black screen when i open it,App Issues
hello i hope you re well,Greetings
lightroom files corrupted need help,File Operation Issues
i cant see a place to download it in then creative cloud desktop app the acrobat dc that s install opens acrobat reader dc,Download or Install
what is the best way to learn adobe illustrator,General Dissatisfaction
is there something in photoshop that causes the toolbox to not work,App Issues
i would like to know how to save my personal data safely in adobe,Price or Value
many actions in adobe applications are experiencing performance problems,Others
after i click on log in button i am getting this and so cant sign in,Login
from adobe my data has been stolen,Price or Value
do you think adobe photoshop could be enhanced by adding more editing functions,Others
adobe lightroom corrupted data overnight,File Operation Issues
are we still on for 3pm,Website Issues
where can i find the terms and conditions that i must comply with when i use my data in adobe,Price or Value
what do i not like about being notified when there are new files in photoshop,Alerts or Notification
as a digital artist this software is key for my work and professional development,Positive Brand Engagement
yes i want to cancel it but the cancellation fees are high _x1f97a_,Cancellation
absolute insanity cam,Others
how can i recover data from a corrupted file,File Operation Issues
where can i find the cost of the adobe xd,Cost Queries
excremental overpriced rubbish,Positive Brand Engagement
please explain me adobe why my projects in photoshop is not possible to share and collaborate on,Sharing Collaboration
hello we have got acrobat illustrator and are unsure how to get started,General Dissatisfaction
i m a student so i don t have enough money to pay 78€ or twice the plan per months i would like to get a refund and stop one of the subscription please,Refund
please help me out with the requirements needed to change plan for adobe document cloud,Billing Subscription
we recently bought acrobat pro dc for macos how can we get started using it,Getting Started
the trash sync functionality will not function at all,Storage
hi there the team has replied back,Others
quite responsive service thanks,Kudos
please assist me to update photoshop,Data Loss
the adobe fonts will not open,App Issues
stop charging me,Website Issues
the terrible sync feature is never functional,Storage
adobe premiere pro would not open and i have a project due tonight,App Start Up
therefore i am now asking you to cancel my adobe photoshop subscription and to waive the fee that i have to pay for that subscription,Cancellation
hi there we re really sorry for this frustrating experience,Others
there is no way for you to enable notifications in your app,Alerts or Notification
please tell me why your website having issues,Usage or Workflow
please lend me a hand how to recover files that have been deleted,Data Loss
your things do not satisfy me adobe,File Operation Issues
what are the details of your system and in particular how much ram and cpu are in adobe,System Requirement & Infrastructure
im concerned as to why the adobe flash software is detailed as 2gb yet fills up 22gb after activation,Storage
what is the cause of toolbox not working in photoshop,App Issues
love it,No Reply
i can t drag and drop anything from illustrator to photoshop,App Issues
its not possible for me to start up the adobe acrobat,App Start Up
is it possible for me to launch the adobe spark,App Start Up
for some reason anytime i attempt to open a new file it crashes,Feature Request
how do i use this adobe brush tool please help me,System Requirement & Infrastructure
adobe cloud is having performace issues,Others
what are the system specs for ram and cpu in adobe,Sync
acrobat pro needs a change of plan,Billing Subscription
i dont know why i cant install adobe reader on my computer,Download or Install
so the first thing i suggest is that you cancel the adobe photoshop subscription as a result you must waive the fees for that subscription,Cancellation
i don t undertstand why adobe would not supply a dmg for 10 5 8 leopard,Others
if i have canceled the termination fee so you will no longer be charged,Cancellation
will i get a refund if i cancel a subscription within the time frame i bought it,Refund
isnt there anyway to recover my files,Data Loss
what is happening during the process of working with adobe xd,System Requirement & Infrastructure
i m having trouble opening adobe s website,Usage or Workflow
case adb-23631897-y4q3,Website Issues
me and my coworkers are facing some problems with cloud files,Feature Request
the adobe sync capability was the biggest farce it never worked as expected,Sync
plz can someone please tell me if all my data is stored securely in adobe,Price or Value
thanks now the question i have is in premiere rush i need to save export locally multiple projects,Others
still doing the same thing,Others
how long does it take to activate my account,Account
i have difficulties with photoshop brush tool they are not working,App Issues
totally unsatisfied with adobe since the new update,General Dissatisfaction
help me fix the bugs in the adobe application,Bug
there are a lot of alerts and notifications in adobe so how can you disable them,Alerts or Notification
very unprofessional treatment from customer support,General Dissatisfaction
i am no longer able to find my adobe file,Cost Queries
i got someone on the phone around 545 who was very helpful,Kudos
adobe have the absolute worst ui,App Issues
i have been annoyed by these adobe pop-out for many days,General Dissatisfaction
what is causing the brush tool to not work in photoshop,App Issues
can you please help me,Assistance Needed
want to knaw why my refund bounced back,Privacy Data or Trust & Safety
what are the steps i need to follow to activate my account,Account
what is the reason why the photoshop tool box does not work,App Issues
please walk me through the adobe audition usage process,System Requirement & Infrastructure
i have experienced issues with the photoshop application while it was opening and loading,App Start Up
i want to know why adobe photoshop app is 2gb as mentioned but the app take 22gb after installing,Storage
i d actually like to cancel my premiere pro plan if possible and then update the payment for all apps,Cancellation
hello i have to check the terms with my team leader but she s in a meeting now,Others
give me a few minutes will get back to you,Others
plz can you tell me if my data is safe in adobe,Price or Value
hope you are doing well and thank you for reaching out,Others
i tried opening photoshop file but it seems corrupted,File Operation Issues
but the site doesn t allow me to buy it,Usage or Workflow
what exactly is the issue why cant adobes photoshop program be shared and collaborated on,Sharing Collaboration
i tried your super website adobe stock 1 month for free and i decided to to buy 2 months of subscription for temporary needs however once i wanted to cancel my subscription i was told i had subscribed for 1 year,Billing Subscription
shared the prototype link 5 days ago via dm but no follow up,No Reply
mujhe isme kuch madad chahiye,App Start Up
eastbay your service is so great,Greetings
a quick and easy way to use photoshop is using the software called photoshop,Positive Brand Engagement
adobe premiere pro is required for a project is set friday but it would not open,App Start Up
what is the problem,Others
hi can you please dm us your adobe id email the reason for canceling,Others
but no one called,Login
i downloaded it on the 30th,Others
i asked twice if i d be penalised,Others
looks quality buddy,Others
the thing that i have paid for is that the plan has not yet started to work on my adobe account,Account
it seems that certain types of notifications that adobe sends to me in the app are very annoying so i do not know how i can disable them,Alerts or Notification
i would like to know why i ve been facin few issues with my subscription and billing,Billing Subscription
how to use this video motion feature,System Requirement & Infrastructure
i am quite dissatisfied with adobe s services,File Operation Issues
today i checked my bank account and it turns out every month i have been charged twice a month when i only have one subscription can you explain this,Billing Subscription
i have now been on hold for 30 minutes,Login
i have not tried to share anything via collaboration option,Refund
this tools feature is not working,App Issues
adobe audition is the only thing i pay for why am i seeing two charges of last month,Billing Subscription
yet i m starting to see that a dispute i am having with adobe is connected with just such issues,General Dissatisfaction
it is extremely annoying,Others
i will never be able to finish my photoshop project with my friend,Refund
each time i open a file the latest version of the file does not work,File Operation Issues
it seems that all the data that i have stored at adobe has been stolen,Price or Value
adobe s service has left me very unsatisfied,File Operation Issues
the results of the system breakdown are very bad for your photoshop app,App Issues
adobe has stolen my personal data,Price or Value
could you tell me how much this item costs at retail,Cost Queries
please help me,Assistance Needed
need to cancel the subscriptionl with adobe and waive my cancellation fee,Cancellation
im a digital editions subscriber but im having billing issues,Billing Subscription
that is im having difficulties with the photoshop tools and they are not working,App Issues
how can i recover deleted files,Cost Queries
no one is always updating the adobe software so to illustrate what is wise i have decided to share with you some wise words that you may already know,Download or Install
so this adobe application does not start,App Start Up
i also love that the price of the adobe cloud is very affordable,Price or Value
why your website never loads,Usage or Workflow
i know fanaticism doesn t respond to scientific evidence,Others
you guys charged me twice but refunded only once,Refund
what have you done to change the save as option to become jpeg when saving psd files,App Issues
how could you not inform me via notification email that,Alerts or Notification
how do i retrieve all of my vital photos which i lost in photoshop,Data Loss
adobe your sync option is a complete waste of time,Storage
i d like to add that number to my account and as a result get the sales tax that i ve been charged so far refunded,Others
this is the worst ui i ve ever seen,App Issues
how can i get my account activated,Account
but photoshop refuses to open the damned picture,App Issues
is it possible to cancel my 20g photography plan because i have the terabyte plan already and also do i need to pay the cancellation fee,Cancellation
how can they increase price this much it is unreasonable,Price or Value
can you please help me start with premier pro application,General Dissatisfaction
what is the best way to find the cost of this item,Cost Queries
you can see the previous versions available in the creative cloud desktop app,Others
i use a few software to create and store passwords,Kudos
it appears that the adobe application is crashing while it is updating,Download or Install
certain actions in adobe applications are experiencing performance problems,Others
scott if you really wanted to help me you would just let me cancel this account with no $74 95 penalty for not liking getting screwed,Cancellation
adobe was about to start working but the screen stuck,App Start Up
is there a way for me to get the files that i deleted back,Data Loss
code p46,Website Issues
why is it so impossible to actually get help from customer support who knows what they are doing,No Reply
what is the cause of the brush tool not working in photoshop,App Issues
adobe application is having issues while opening and loading,App Start Up
is it possible for me to activate my account,Account
developed by adobe would not open and i have a project due soon,App Start Up
how can i get the data back i am not even interested in using the adobe software,Data Loss
kindly let me know how can i start learning to work on photoshop,General Dissatisfaction
it s all up to date windows 10 and the adobe auto updates it s self and monthly slow on more than 1 needs reprogramming,Performance
my photoshop application is crashing while it is being started and opened,App Start Up
a project due on friday requires adobe premiere pro but it will not open,App Start Up
i couldnt use the university email to login to my adobe account,Login
adobe has not released an update for the app store or the playstore,Download or Install
is there an approval needed to change to educational subscription for illustrator,Billing Subscription
hello adobe your website at least for me never displays,Usage or Workflow
the error says you are logged offplease log in to use the adobe-applicationscta log in,Login
so why is the storage space in my adobe account full,Sharing Collaboration
adobe you don t respect customer s feelings and time this time i am very disappointed with your services,General Dissatisfaction
i am writing this to request that you cancel my adobe photoshop premium subscription,Cancellation
didn t want to start over yes to the refund of one month,Privacy Data or Trust & Safety
what is the price of adobe stock,Cancellation
can t find in creative cloud,Others
great creativity,Others
can you help please,Assistance Needed
i see the codes override the old plan,Others
what is the market cost of this product,Cost Queries
because i am unfamiliar with premiere ui i am unable to begin a new project,App Issues
was not able to login to my account i see many others are having the same issue,Login
i paid for my yearly subscription on march 23 2022 but i can t access premiere pro,Assistance Needed
how can we recover the files that were deleted if you think that you are able to restore those files give me some hint,Data Loss
that is why every adobe account that i have is always logged out,Login
can you please check your bugtracker because this not from my end it s definitely a bug from your end,Bug
what are the terms and conditions for collaborating with other users in adobe,Sharing Collaboration
i am facing an issue while downloading photoshop can someone help,Download or Install
one thing i will complain about every time is how expensive adobe is,Price or Value
jus awful it got escalated and still same solution nothing and waiting,No Reply
on this photoshop project i am unable to share and collaborate,Refund
i can t share or contribute on my photoshop masterpiece,Refund
explain exactly why the adobe sync feature isnt performing for me,Sync
i am at work and do not have the time to deal with this now,Others
all my work s gone because the illustrator app keeps crashing,App Issues
may i know why my photoshop project can t be shared or collaborated on by adobe,Sharing Collaboration
for a file i lost the last two days of revision history please provide instructions on how to restore the data,Data Loss
case adb-24227244-h1d0 has not been answered eventhough it has been more them one month,No Reply
that sounds fantastic,Others
_x1f495_,Website Issues
my subscription was purchased however it is not yet operational on my account,Account
adobe products are very expensive,Positive Brand Engagement
there is an issue with the sync feature which never works,Storage
what is the best way for me to get my money back for this subscription with adobe,Refund
fast shipping and great customer service,Kudos
i have a bug in my adobe program update and the result is that all my files have been corrupted,Bug
how can i use the adobe bridge,System Requirement & Infrastructure
for example today s agent didn t know how to set an in or an out points in premiere,General Dissatisfaction
this isnt about authorization but getting ade to see downloaded books,Others
please tell me why my photoshop project can t be shared or collaborated on by adobe,Sharing Collaboration
the price of the adobe cloud is also very good,Positive Brand Engagement
no you wouldn t be able to find my account anyway i have two accounts and can t download from either,Download or Install
